order_item_id,order_id,product_id,quantity,unit_price,subtotal
1,1,42,4,249.67,998.68
2,2,41,4,251.29,1005.16
3,2,97,3,341.06,1023.18
4,2,48,1,126.34,126.34
5,2,50,4,256.6,1026.4
6,2,44,1,294.75,294.75
7,3,42,5,249.67,1248.35
8,4,2,1,244.85,244.85
9,4,86,5,366.69,1833.45
10,4,27,1,8.97,8.97
11,4,47,2,65.45,130.9
12,4,98,3,41.41,124.23
13,5,94,2,472.99,945.98
14,5,75,4,237.54,950.16
15,5,93,2,364.35,728.7
16,5,25,3,319.47,958.41
17,6,72,2,101.64,203.28
18,6,31,5,446.21,2231.05
19,6,33,1,459.01,459.01
20,7,65,2,493.42,986.84
21,7,57,3,432.11,1296.33
22,7,69,1,260.37,260.37
23,7,5,4,90.54,362.16
24,7,95,2,155.73,311.46
25,8,19,1,206.82,206.82
26,8,49,3,197.37,592.11
27,8,9,1,191.86,191.86
28,8,49,5,197.37,986.85
29,9,60,3,481.64,1444.92
30,9,33,3,459.01,1377.03
31,9,49,2,197.37,394.74
32,9,10,4,160.25,641
33,9,66,3,466.87,1400.61
34,10,75,1,237.54,237.54
35,10,2,5,244.85,1224.25
36,10,24,4,228.44,913.76
37,11,20,4,214.09,856.36
38,12,29,4,122.75,491
39,12,51,1,127.95,127.95
40,12,58,2,378.54,757.08
41,12,84,1,196.83,196.83
42,12,99,4,99.76,399.04
43,13,51,2,127.95,255.9
44,13,51,5,127.95,639.75
45,13,88,4,41.45,165.8
46,13,95,4,155.73,622.92
47,13,38,5,82.49,412.45
48,14,57,2,432.11,864.22
49,14,24,5,228.44,1142.2
50,15,12,3,394.35,1183.05
51,15,83,2,453.59,907.18
52,15,29,4,122.75,491
53,16,80,4,255.23,1020.92
54,17,93,1,364.35,364.35
55,17,35,1,181.78,181.78
56,18,46,2,485.84,971.68
57,18,49,4,197.37,789.48
58,18,31,5,446.21,2231.05
59,19,54,3,459.91,1379.73
60,20,25,5,319.47,1597.35
61,20,27,3,8.97,26.91
62,20,98,1,41.41,41.41
63,20,84,3,196.83,590.49
64,21,18,5,199.05,995.25
65,22,79,5,220.8,1104
66,22,67,2,279.8,559.6
67,22,30,2,247.46,494.92
68,23,10,5,160.25,801.25
69,23,72,5,101.64,508.2
70,23,78,1,133.01,133.01
71,23,84,3,196.83,590.49
72,23,15,1,42.15,42.15
73,24,32,2,265.19,530.38
74,24,98,4,41.41,165.64
75,24,72,3,101.64,304.92
76,25,84,4,196.83,787.32
77,25,84,5,196.83,984.15
78,26,75,3,237.54,712.62
79,26,87,5,324.88,1624.4
80,26,91,3,214.26,642.78
81,26,84,3,196.83,590.49
82,27,15,1,42.15,42.15
83,27,63,2,41.66,83.32
84,27,30,4,247.46,989.84
85,28,76,2,185.72,371.44
86,28,48,2,126.34,252.68
87,28,86,5,366.69,1833.45
88,28,12,4,394.35,1577.4
89,28,80,2,255.23,510.46
90,29,95,1,155.73,155.73
91,29,32,1,265.19,265.19
92,29,94,2,472.99,945.98
93,29,43,4,57.98,231.92
94,30,17,2,499.02,998.04
95,31,50,1,256.6,256.6
96,31,39,5,410.97,2054.85
97,31,63,5,41.66,208.3
98,31,22,5,121.22,606.1
99,31,81,2,27.4,54.8
100,32,19,2,206.82,413.64
101,32,21,1,87.73,87.73
102,32,45,2,429.34,858.68
103,33,24,5,228.44,1142.2
104,33,61,4,149.63,598.52
105,34,79,1,220.8,220.8
106,34,29,3,122.75,368.25
107,34,54,4,459.91,1839.64
108,35,20,5,214.09,1070.45
109,35,100,4,495.45,1981.8
110,36,57,1,432.11,432.11
111,36,42,4,249.67,998.68
112,36,47,4,65.45,261.8
113,37,76,3,185.72,557.16
114,37,75,1,237.54,237.54
115,37,10,5,160.25,801.25
116,38,97,5,341.06,1705.3
117,39,95,5,155.73,778.65
118,40,77,5,313.4,1567
119,40,59,4,239.18,956.72
120,40,17,4,499.02,1996.08
121,41,76,5,185.72,928.6
122,41,40,3,145.08,435.24
123,41,24,5,228.44,1142.2
124,42,68,1,490.52,490.52
125,42,19,2,206.82,413.64
126,43,84,5,196.83,984.15
127,43,62,5,469.91,2349.55
128,43,48,3,126.34,379.02
129,44,2,5,244.85,1224.25
130,44,49,3,197.37,592.11
131,45,73,2,460.36,920.72
132,46,64,4,22.7,90.8
133,46,73,4,460.36,1841.44
134,47,86,3,366.69,1100.07
135,47,49,3,197.37,592.11
136,47,59,1,239.18,239.18
137,47,25,4,319.47,1277.88
138,48,30,5,247.46,1237.3
139,48,96,1,92.95,92.95
140,48,46,3,485.84,1457.52
141,49,83,4,453.59,1814.36
142,49,78,3,133.01,399.03
143,50,80,5,255.23,1276.15
144,50,59,2,239.18,478.36
145,51,35,1,181.78,181.78
146,51,93,4,364.35,1457.4
147,52,53,5,455.07,2275.35
148,52,16,4,487.95,1951.8
149,52,92,4,145.26,581.04
150,52,42,2,249.67,499.34
151,52,4,3,441.08,1323.24
152,53,16,2,487.95,975.9
153,53,18,4,199.05,796.2
154,53,78,4,133.01,532.04
155,54,8,3,157.69,473.07
156,54,22,4,121.22,484.88
157,54,79,5,220.8,1104
158,54,21,5,87.73,438.65
159,54,93,2,364.35,728.7
160,55,39,4,410.97,1643.88
161,55,2,2,244.85,489.7
162,55,11,4,390.02,1560.08
163,56,63,3,41.66,124.98
164,56,61,1,149.63,149.63
165,56,67,3,279.8,839.4
166,57,7,4,181.33,725.32
167,57,53,4,455.07,1820.28
168,58,62,2,469.91,939.82
169,58,39,5,410.97,2054.85
170,58,45,1,429.34,429.34
171,59,3,3,326.31,978.93
172,59,41,1,251.29,251.29
173,59,66,4,466.87,1867.48
174,59,87,1,324.88,324.88
175,60,43,3,57.98,173.94
176,60,62,4,469.91,1879.64
177,60,96,1,92.95,92.95
178,61,45,2,429.34,858.68
179,61,64,5,22.7,113.5
180,61,38,3,82.49,247.47
181,62,79,1,220.8,220.8
182,63,94,1,472.99,472.99
183,63,40,3,145.08,435.24
184,64,7,1,181.33,181.33
185,64,28,5,26.13,130.65
186,64,51,5,127.95,639.75
187,65,4,2,441.08,882.16
188,65,58,3,378.54,1135.62
189,65,95,1,155.73,155.73
190,66,96,3,92.95,278.85
191,66,28,1,26.13,26.13
192,66,12,5,394.35,1971.75
193,67,58,3,378.54,1135.62
194,67,36,3,190.25,570.75
195,67,15,5,42.15,210.75
196,68,27,5,8.97,44.85
197,68,27,4,8.97,35.88
198,68,66,2,466.87,933.74
199,68,17,1,499.02,499.02
200,69,91,5,214.26,1071.3
201,70,59,2,239.18,478.36
202,70,5,5,90.54,452.7
203,71,95,5,155.73,778.65
204,71,18,5,199.05,995.25
205,71,18,1,199.05,199.05
206,72,80,5,255.23,1276.15
207,72,36,4,190.25,761
208,72,73,4,460.36,1841.44
209,72,85,2,249.59,499.18
210,72,28,3,26.13,78.39
211,73,1,4,286.35,1145.4
212,74,77,3,313.4,940.2
213,74,23,1,204.87,204.87
214,75,83,5,453.59,2267.95
215,75,59,4,239.18,956.72
216,75,78,3,133.01,399.03
217,75,33,5,459.01,2295.05
218,75,94,3,472.99,1418.97
219,76,75,5,237.54,1187.7
220,77,56,3,381.01,1143.03
221,78,63,5,41.66,208.3
222,78,13,3,98.71,296.13
223,78,100,1,495.45,495.45
224,79,71,1,196.37,196.37
225,79,47,5,65.45,327.25
226,80,71,5,196.37,981.85
227,80,53,1,455.07,455.07
228,80,25,4,319.47,1277.88
229,81,34,5,65.17,325.85
230,82,71,2,196.37,392.74
231,82,86,5,366.69,1833.45
232,82,23,4,204.87,819.48
233,83,75,3,237.54,712.62
234,83,84,1,196.83,196.83
235,84,88,5,41.45,207.25
236,84,27,2,8.97,17.94
237,84,27,5,8.97,44.85
238,85,36,2,190.25,380.5
239,85,60,1,481.64,481.64
240,85,1,4,286.35,1145.4
241,86,80,3,255.23,765.69
242,86,60,4,481.64,1926.56
243,87,34,3,65.17,195.51
244,87,95,5,155.73,778.65
245,88,39,3,410.97,1232.91
246,88,63,5,41.66,208.3
247,88,91,4,214.26,857.04
248,88,51,1,127.95,127.95
249,89,15,3,42.15,126.45
250,89,88,4,41.45,165.8
251,90,43,4,57.98,231.92
252,90,2,2,244.85,489.7
253,90,35,3,181.78,545.34
254,90,41,4,251.29,1005.16
255,91,13,4,98.71,394.84
256,91,42,2,249.67,499.34
257,91,69,1,260.37,260.37
258,91,23,1,204.87,204.87
259,91,76,2,185.72,371.44
260,92,98,1,41.41,41.41
261,92,14,4,495.44,1981.76
262,92,22,3,121.22,363.66
263,92,15,3,42.15,126.45
264,92,26,1,361.25,361.25
265,93,60,4,481.64,1926.56
266,93,8,1,157.69,157.69
267,93,34,2,65.17,130.34
268,93,22,2,121.22,242.44
269,94,80,5,255.23,1276.15
270,94,73,1,460.36,460.36
271,95,10,1,160.25,160.25
272,95,41,1,251.29,251.29
273,96,55,3,496.09,1488.27
274,96,64,1,22.7,22.7
275,96,58,4,378.54,1514.16
276,96,7,1,181.33,181.33
277,97,95,4,155.73,622.92
278,98,40,3,145.08,435.24
279,98,66,3,466.87,1400.61
280,98,78,5,133.01,665.05
281,98,64,1,22.7,22.7
282,99,95,3,155.73,467.19
283,99,26,2,361.25,722.5
284,100,8,3,157.69,473.07
285,100,38,2,82.49,164.98
286,100,35,5,181.78,908.9
287,100,86,5,366.69,1833.45
288,101,57,3,432.11,1296.33
289,101,52,4,414.41,1657.64
290,101,70,1,247.5,247.5
291,102,98,4,41.41,165.64
292,102,37,3,223.91,671.73
293,102,89,2,173.6,347.2
294,103,31,1,446.21,446.21
295,103,36,1,190.25,190.25
296,103,25,1,319.47,319.47
297,104,66,2,466.87,933.74
298,104,83,2,453.59,907.18
299,104,34,3,65.17,195.51
300,104,28,1,26.13,26.13
301,105,40,4,145.08,580.32
302,105,76,3,185.72,557.16
303,105,23,4,204.87,819.48
304,105,61,1,149.63,149.63
305,106,59,1,239.18,239.18
306,106,46,4,485.84,1943.36
307,106,14,2,495.44,990.88
308,106,5,5,90.54,452.7
309,107,99,5,99.76,498.8
310,108,86,5,366.69,1833.45
311,109,49,2,197.37,394.74
312,109,25,4,319.47,1277.88
313,109,3,2,326.31,652.62
314,110,91,4,214.26,857.04
315,110,81,5,27.4,137
316,110,55,4,496.09,1984.36
317,110,67,5,279.8,1399
318,111,94,4,472.99,1891.96
319,111,31,3,446.21,1338.63
320,111,82,5,152.01,760.05
321,111,40,5,145.08,725.4
322,112,77,3,313.4,940.2
323,112,44,5,294.75,1473.75
324,112,18,2,199.05,398.1
325,112,44,3,294.75,884.25
326,112,28,3,26.13,78.39
327,113,3,2,326.31,652.62
328,114,69,3,260.37,781.11
329,114,26,4,361.25,1445
330,114,70,1,247.5,247.5
331,114,4,4,441.08,1764.32
332,114,60,5,481.64,2408.2
333,115,18,5,199.05,995.25
334,115,45,5,429.34,2146.7
335,115,55,5,496.09,2480.45
336,116,79,5,220.8,1104
337,116,30,1,247.46,247.46
338,116,18,4,199.05,796.2
339,117,27,4,8.97,35.88
340,117,44,5,294.75,1473.75
341,117,42,5,249.67,1248.35
342,117,26,2,361.25,722.5
343,117,90,4,11.29,45.16
344,118,100,5,495.45,2477.25
345,118,99,1,99.76,99.76
346,118,10,3,160.25,480.75
347,118,43,5,57.98,289.9
348,119,61,1,149.63,149.63
349,119,98,2,41.41,82.82
350,120,96,3,92.95,278.85
351,120,92,3,145.26,435.78
352,120,22,2,121.22,242.44
353,120,1,3,286.35,859.05
354,120,94,3,472.99,1418.97
355,121,46,3,485.84,1457.52
356,121,78,5,133.01,665.05
357,121,43,2,57.98,115.96
358,121,39,2,410.97,821.94
359,121,45,5,429.34,2146.7
360,122,44,2,294.75,589.5
361,122,49,5,197.37,986.85
362,122,21,4,87.73,350.92
363,122,20,4,214.09,856.36
364,122,18,4,199.05,796.2
365,123,67,1,279.8,279.8
366,123,10,3,160.25,480.75
367,123,24,3,228.44,685.32
368,124,27,4,8.97,35.88
369,125,89,4,173.6,694.4
370,125,75,1,237.54,237.54
371,125,31,3,446.21,1338.63
372,125,15,2,42.15,84.3
373,126,71,4,196.37,785.48
374,126,41,2,251.29,502.58
375,126,46,3,485.84,1457.52
376,127,79,4,220.8,883.2
377,128,22,4,121.22,484.88
378,128,94,3,472.99,1418.97
379,128,42,2,249.67,499.34
380,128,14,5,495.44,2477.2
381,128,82,5,152.01,760.05
382,129,3,2,326.31,652.62
383,129,6,1,30.35,30.35
384,129,50,3,256.6,769.8
385,130,58,2,378.54,757.08
386,130,39,1,410.97,410.97
387,130,47,1,65.45,65.45
388,131,15,2,42.15,84.3
389,131,53,2,455.07,910.14
390,132,5,2,90.54,181.08
391,132,15,3,42.15,126.45
392,132,48,2,126.34,252.68
393,133,95,5,155.73,778.65
394,133,87,5,324.88,1624.4
395,134,8,2,157.69,315.38
396,134,30,4,247.46,989.84
397,134,41,2,251.29,502.58
398,135,89,3,173.6,520.8
399,135,37,3,223.91,671.73
400,135,72,4,101.64,406.56
401,135,21,1,87.73,87.73
402,136,72,3,101.64,304.92
403,136,34,1,65.17,65.17
404,136,4,1,441.08,441.08
405,137,15,2,42.15,84.3
406,138,27,3,8.97,26.91
407,138,62,4,469.91,1879.64
408,138,35,5,181.78,908.9
409,138,5,1,90.54,90.54
410,139,91,2,214.26,428.52
411,139,6,4,30.35,121.4
412,139,52,3,414.41,1243.23
413,139,53,2,455.07,910.14
414,139,1,5,286.35,1431.75
415,140,82,4,152.01,608.04
416,140,29,5,122.75,613.75
417,141,20,5,214.09,1070.45
418,141,78,2,133.01,266.02
419,142,56,3,381.01,1143.03
420,142,60,2,481.64,963.28
421,142,94,3,472.99,1418.97
422,142,37,2,223.91,447.82
423,142,37,2,223.91,447.82
424,143,46,4,485.84,1943.36
425,143,41,3,251.29,753.87
426,143,26,3,361.25,1083.75
427,144,14,5,495.44,2477.2
428,145,94,3,472.99,1418.97
429,145,44,1,294.75,294.75
430,145,37,4,223.91,895.64
431,145,94,4,472.99,1891.96
432,145,76,1,185.72,185.72
433,146,72,1,101.64,101.64
434,146,86,4,366.69,1466.76
435,146,61,4,149.63,598.52
436,146,16,2,487.95,975.9
437,146,42,2,249.67,499.34
438,147,80,2,255.23,510.46
439,147,88,1,41.45,41.45
440,147,16,1,487.95,487.95
441,148,23,4,204.87,819.48
442,148,59,2,239.18,478.36
443,148,72,3,101.64,304.92
444,148,97,5,341.06,1705.3
445,149,35,5,181.78,908.9
446,149,64,5,22.7,113.5
447,149,18,5,199.05,995.25
448,149,28,1,26.13,26.13
449,150,93,2,364.35,728.7
450,150,17,2,499.02,998.04
451,151,12,3,394.35,1183.05
452,152,19,4,206.82,827.28
453,152,57,3,432.11,1296.33
454,152,44,1,294.75,294.75
455,152,24,2,228.44,456.88
456,152,38,4,82.49,329.96
457,153,94,2,472.99,945.98
458,154,74,3,391.88,1175.64
459,154,57,5,432.11,2160.55
460,154,10,2,160.25,320.5
461,155,20,5,214.09,1070.45
462,155,25,5,319.47,1597.35
463,156,28,3,26.13,78.39
464,156,8,1,157.69,157.69
465,156,55,1,496.09,496.09
466,156,93,2,364.35,728.7
467,156,90,4,11.29,45.16
468,157,35,5,181.78,908.9
469,157,67,3,279.8,839.4
470,157,64,2,22.7,45.4
471,157,52,3,414.41,1243.23
472,157,51,2,127.95,255.9
473,158,27,2,8.97,17.94
474,158,73,1,460.36,460.36
475,158,26,1,361.25,361.25
476,159,92,5,145.26,726.3
477,159,11,3,390.02,1170.06
478,159,29,5,122.75,613.75
479,159,95,3,155.73,467.19
480,160,40,2,145.08,290.16
481,160,59,4,239.18,956.72
482,160,21,1,87.73,87.73
483,160,73,3,460.36,1381.08
484,161,41,3,251.29,753.87
485,161,7,1,181.33,181.33
486,161,84,4,196.83,787.32
487,161,56,3,381.01,1143.03
488,161,6,2,30.35,60.7
489,162,89,2,173.6,347.2
490,162,24,2,228.44,456.88
491,162,52,5,414.41,2072.05
492,162,24,4,228.44,913.76
493,163,16,5,487.95,2439.75
494,163,9,2,191.86,383.72
495,163,86,4,366.69,1466.76
496,163,71,1,196.37,196.37
497,164,73,4,460.36,1841.44
498,165,43,4,57.98,231.92
499,166,69,2,260.37,520.74
500,166,24,2,228.44,456.88
501,166,44,1,294.75,294.75
502,167,23,1,204.87,204.87
503,167,27,2,8.97,17.94
504,167,25,5,319.47,1597.35
505,167,83,5,453.59,2267.95
506,167,3,4,326.31,1305.24
507,168,80,1,255.23,255.23
508,168,8,1,157.69,157.69
509,169,78,2,133.01,266.02
510,169,90,3,11.29,33.87
511,170,63,3,41.66,124.98
512,170,25,1,319.47,319.47
513,170,64,2,22.7,45.4
514,171,47,2,65.45,130.9
515,171,24,3,228.44,685.32
516,171,91,1,214.26,214.26
517,172,28,3,26.13,78.39
518,172,66,5,466.87,2334.35
519,172,92,2,145.26,290.52
520,172,20,3,214.09,642.27
521,172,26,2,361.25,722.5
522,173,87,2,324.88,649.76
523,173,56,5,381.01,1905.05
524,173,64,1,22.7,22.7
525,173,75,2,237.54,475.08
526,174,37,2,223.91,447.82
527,174,77,5,313.4,1567
528,175,33,4,459.01,1836.04
529,175,43,1,57.98,57.98
530,175,49,1,197.37,197.37
531,176,70,1,247.5,247.5
532,176,1,5,286.35,1431.75
533,176,93,2,364.35,728.7
534,176,74,3,391.88,1175.64
535,176,64,5,22.7,113.5
536,177,91,2,214.26,428.52
537,177,59,1,239.18,239.18
538,177,65,2,493.42,986.84
539,177,35,5,181.78,908.9
540,177,15,2,42.15,84.3
541,178,74,4,391.88,1567.52
542,178,90,4,11.29,45.16
543,178,20,3,214.09,642.27
544,179,86,2,366.69,733.38
545,179,93,4,364.35,1457.4
546,180,86,3,366.69,1100.07
547,180,86,5,366.69,1833.45
548,181,83,3,453.59,1360.77
549,181,66,1,466.87,466.87
550,181,70,3,247.5,742.5
551,181,37,3,223.91,671.73
552,182,70,1,247.5,247.5
553,182,84,1,196.83,196.83
554,182,60,1,481.64,481.64
555,182,83,3,453.59,1360.77
556,183,33,1,459.01,459.01
557,184,91,1,214.26,214.26
558,185,83,2,453.59,907.18
559,185,19,5,206.82,1034.1
560,185,7,5,181.33,906.65
561,186,50,3,256.6,769.8
562,186,14,1,495.44,495.44
563,187,34,2,65.17,130.34
564,187,9,5,191.86,959.3
565,188,90,5,11.29,56.45
566,188,32,3,265.19,795.57
567,188,4,2,441.08,882.16
568,188,96,3,92.95,278.85
569,189,84,2,196.83,393.66
570,189,35,2,181.78,363.56
571,190,5,1,90.54,90.54
572,190,83,1,453.59,453.59
573,191,94,2,472.99,945.98
574,191,88,3,41.45,124.35
575,192,24,4,228.44,913.76
576,192,21,4,87.73,350.92
577,193,70,1,247.5,247.5
578,193,40,2,145.08,290.16
579,193,76,2,185.72,371.44
580,193,73,4,460.36,1841.44
581,194,53,5,455.07,2275.35
582,194,61,4,149.63,598.52
583,194,98,2,41.41,82.82
584,195,83,4,453.59,1814.36
585,195,12,4,394.35,1577.4
586,195,52,3,414.41,1243.23
587,195,42,1,249.67,249.67
588,196,5,3,90.54,271.62
589,197,42,4,249.67,998.68
590,197,54,3,459.91,1379.73
591,198,19,3,206.82,620.46
592,198,30,1,247.46,247.46
593,199,23,5,204.87,1024.35
594,199,50,3,256.6,769.8
595,199,37,5,223.91,1119.55
596,199,51,4,127.95,511.8
597,199,56,2,381.01,762.02
598,200,100,3,495.45,1486.35
599,200,96,2,92.95,185.9
600,200,91,5,214.26,1071.3
601,201,72,2,101.64,203.28
602,201,35,1,181.78,181.78
603,202,99,2,99.76,199.52
604,202,69,3,260.37,781.11
605,202,58,3,378.54,1135.62
606,202,93,3,364.35,1093.05
607,202,17,5,499.02,2495.1
608,203,28,2,26.13,52.26
609,203,35,5,181.78,908.9
610,203,72,3,101.64,304.92
611,203,29,5,122.75,613.75
612,203,78,1,133.01,133.01
613,204,56,4,381.01,1524.04
614,204,87,1,324.88,324.88
615,205,89,5,173.6,868
616,205,47,4,65.45,261.8
617,205,13,3,98.71,296.13
618,206,38,2,82.49,164.98
619,207,17,4,499.02,1996.08
620,207,44,3,294.75,884.25
621,207,99,5,99.76,498.8
622,207,43,5,57.98,289.9
623,208,85,3,249.59,748.77
624,208,91,3,214.26,642.78
625,208,61,5,149.63,748.15
626,209,56,1,381.01,381.01
627,209,18,5,199.05,995.25
628,210,60,5,481.64,2408.2
629,210,37,4,223.91,895.64
630,211,85,4,249.59,998.36
631,211,100,2,495.45,990.9
632,212,86,1,366.69,366.69
633,212,49,5,197.37,986.85
634,212,31,5,446.21,2231.05
635,212,76,2,185.72,371.44
636,213,95,1,155.73,155.73
637,213,81,2,27.4,54.8
638,214,86,1,366.69,366.69
639,214,13,4,98.71,394.84
640,214,42,4,249.67,998.68
641,214,72,3,101.64,304.92
642,214,34,5,65.17,325.85
643,215,98,5,41.41,207.05
644,215,59,2,239.18,478.36
645,215,54,4,459.91,1839.64
646,215,31,5,446.21,2231.05
647,215,96,4,92.95,371.8
648,216,84,2,196.83,393.66
649,216,19,4,206.82,827.28
650,216,86,2,366.69,733.38
651,217,93,1,364.35,364.35
652,217,92,2,145.26,290.52
653,217,66,5,466.87,2334.35
654,218,39,1,410.97,410.97
655,218,92,2,145.26,290.52
656,218,55,3,496.09,1488.27
657,219,57,3,432.11,1296.33
658,219,6,3,30.35,91.05
659,219,58,4,378.54,1514.16
660,219,34,2,65.17,130.34
661,219,3,2,326.31,652.62
662,220,50,3,256.6,769.8
663,220,9,5,191.86,959.3
664,221,96,4,92.95,371.8
665,221,94,3,472.99,1418.97
666,221,3,3,326.31,978.93
667,221,62,1,469.91,469.91
668,222,49,2,197.37,394.74
669,222,86,4,366.69,1466.76
670,222,18,4,199.05,796.2
671,223,9,4,191.86,767.44
672,223,1,3,286.35,859.05
673,223,33,2,459.01,918.02
674,224,35,5,181.78,908.9
675,225,72,4,101.64,406.56
676,225,10,2,160.25,320.5
677,225,1,1,286.35,286.35
678,225,87,5,324.88,1624.4
679,225,62,4,469.91,1879.64
680,226,14,1,495.44,495.44
681,226,14,1,495.44,495.44
682,226,46,5,485.84,2429.2
683,226,54,3,459.91,1379.73
684,227,57,5,432.11,2160.55
685,228,92,1,145.26,145.26
686,228,52,1,414.41,414.41
687,229,87,3,324.88,974.64
688,229,89,2,173.6,347.2
689,229,32,3,265.19,795.57
690,230,59,3,239.18,717.54
691,230,32,1,265.19,265.19
692,231,15,5,42.15,210.75
693,231,39,2,410.97,821.94
694,231,58,4,378.54,1514.16
695,231,56,1,381.01,381.01
696,231,39,4,410.97,1643.88
697,232,19,5,206.82,1034.1
698,232,89,2,173.6,347.2
699,233,2,1,244.85,244.85
700,234,39,1,410.97,410.97
701,234,66,1,466.87,466.87
702,235,76,5,185.72,928.6
703,235,12,5,394.35,1971.75
704,236,60,4,481.64,1926.56
705,236,52,2,414.41,828.82
706,236,42,3,249.67,749.01
707,237,46,3,485.84,1457.52
708,237,37,3,223.91,671.73
709,237,35,5,181.78,908.9
710,237,68,5,490.52,2452.6
711,237,86,5,366.69,1833.45
712,238,48,3,126.34,379.02
713,238,6,5,30.35,151.75
714,238,75,2,237.54,475.08
715,238,92,3,145.26,435.78
716,238,38,3,82.49,247.47
717,239,58,3,378.54,1135.62
718,239,2,3,244.85,734.55
719,239,24,2,228.44,456.88
720,239,53,1,455.07,455.07
721,240,100,2,495.45,990.9
722,240,73,5,460.36,2301.8
723,240,33,4,459.01,1836.04
724,240,2,1,244.85,244.85
725,240,81,2,27.4,54.8
726,241,16,5,487.95,2439.75
727,241,93,3,364.35,1093.05
728,242,12,2,394.35,788.7
729,243,82,1,152.01,152.01
730,243,5,2,90.54,181.08
731,244,47,2,65.45,130.9
732,244,94,2,472.99,945.98
733,245,35,3,181.78,545.34
734,245,17,2,499.02,998.04
735,245,18,3,199.05,597.15
736,245,64,5,22.7,113.5
737,245,42,1,249.67,249.67
738,246,57,4,432.11,1728.44
739,246,45,2,429.34,858.68
740,246,54,5,459.91,2299.55
741,246,13,2,98.71,197.42
742,247,29,2,122.75,245.5
743,247,85,3,249.59,748.77
744,247,63,3,41.66,124.98
745,247,24,4,228.44,913.76
746,248,32,4,265.19,1060.76
747,249,33,3,459.01,1377.03
748,250,85,4,249.59,998.36
749,250,92,4,145.26,581.04
750,250,23,5,204.87,1024.35
751,250,62,1,469.91,469.91
752,250,53,3,455.07,1365.21
753,251,14,3,495.44,1486.32
754,251,81,4,27.4,109.6
755,251,39,3,410.97,1232.91
756,252,15,2,42.15,84.3
757,252,49,5,197.37,986.85
758,252,80,1,255.23,255.23
759,253,96,3,92.95,278.85
760,253,54,2,459.91,919.82
761,253,1,1,286.35,286.35
762,253,48,4,126.34,505.36
763,253,58,5,378.54,1892.7
764,254,83,5,453.59,2267.95
765,254,3,3,326.31,978.93
766,255,98,5,41.41,207.05
767,255,38,4,82.49,329.96
768,255,37,5,223.91,1119.55
769,255,41,3,251.29,753.87
770,255,50,5,256.6,1283
771,256,60,5,481.64,2408.2
772,256,86,5,366.69,1833.45
773,256,84,1,196.83,196.83
774,257,47,3,65.45,196.35
775,257,64,4,22.7,90.8
776,257,17,5,499.02,2495.1
777,258,37,3,223.91,671.73
778,259,69,3,260.37,781.11
779,259,1,5,286.35,1431.75
780,259,88,1,41.45,41.45
781,260,3,5,326.31,1631.55
782,260,80,2,255.23,510.46
783,261,26,3,361.25,1083.75
784,261,49,5,197.37,986.85
785,261,35,3,181.78,545.34
786,261,76,3,185.72,557.16
787,262,94,5,472.99,2364.95
788,262,81,5,27.4,137
789,262,62,1,469.91,469.91
790,262,5,3,90.54,271.62
791,263,36,4,190.25,761
792,263,86,5,366.69,1833.45
793,263,32,5,265.19,1325.95
794,263,78,4,133.01,532.04
795,263,67,5,279.8,1399
796,264,76,5,185.72,928.6
797,265,74,4,391.88,1567.52
798,265,58,1,378.54,378.54
799,265,55,3,496.09,1488.27
800,265,15,3,42.15,126.45
801,265,80,2,255.23,510.46
802,266,6,4,30.35,121.4
803,267,19,1,206.82,206.82
804,267,14,2,495.44,990.88
805,268,15,1,42.15,42.15
806,268,3,2,326.31,652.62
807,268,34,1,65.17,65.17
808,269,20,2,214.09,428.18
809,270,58,4,378.54,1514.16
810,270,90,5,11.29,56.45
811,270,99,2,99.76,199.52
812,271,44,5,294.75,1473.75
813,272,1,5,286.35,1431.75
814,272,58,5,378.54,1892.7
815,272,66,3,466.87,1400.61
816,272,6,5,30.35,151.75
817,273,59,1,239.18,239.18
818,273,21,2,87.73,175.46
819,273,86,5,366.69,1833.45
820,274,94,2,472.99,945.98
821,274,91,5,214.26,1071.3
822,274,16,3,487.95,1463.85
823,274,73,1,460.36,460.36
824,274,53,4,455.07,1820.28
825,275,33,3,459.01,1377.03
826,275,36,1,190.25,190.25
827,275,9,4,191.86,767.44
828,275,22,5,121.22,606.1
829,275,60,5,481.64,2408.2
830,276,65,4,493.42,1973.68
831,277,52,3,414.41,1243.23
832,277,80,2,255.23,510.46
833,277,82,1,152.01,152.01
834,278,60,3,481.64,1444.92
835,278,52,3,414.41,1243.23
836,278,63,3,41.66,124.98
837,279,50,3,256.6,769.8
838,279,94,1,472.99,472.99
839,279,100,1,495.45,495.45
840,279,21,1,87.73,87.73
841,279,36,1,190.25,190.25
842,280,87,2,324.88,649.76
843,280,41,2,251.29,502.58
844,280,52,1,414.41,414.41
845,280,76,1,185.72,185.72
846,280,40,1,145.08,145.08
847,281,13,4,98.71,394.84
848,281,73,4,460.36,1841.44
849,281,24,2,228.44,456.88
850,281,79,1,220.8,220.8
851,282,16,3,487.95,1463.85
852,282,27,4,8.97,35.88
853,283,59,4,239.18,956.72
854,283,38,2,82.49,164.98
855,283,78,4,133.01,532.04
856,283,10,4,160.25,641
857,283,83,1,453.59,453.59
858,284,52,5,414.41,2072.05
859,284,85,5,249.59,1247.95
860,284,77,1,313.4,313.4
861,284,27,3,8.97,26.91
862,285,7,5,181.33,906.65
863,285,42,4,249.67,998.68
864,285,3,2,326.31,652.62
865,286,62,5,469.91,2349.55
866,286,74,2,391.88,783.76
867,286,84,3,196.83,590.49
868,286,76,1,185.72,185.72
869,287,33,5,459.01,2295.05
870,287,46,5,485.84,2429.2
871,288,60,1,481.64,481.64
872,288,93,2,364.35,728.7
873,289,25,5,319.47,1597.35
874,289,85,5,249.59,1247.95
875,289,69,5,260.37,1301.85
876,289,53,1,455.07,455.07
877,290,52,3,414.41,1243.23
878,291,30,5,247.46,1237.3
879,291,66,4,466.87,1867.48
880,291,49,5,197.37,986.85
881,292,67,4,279.8,1119.2
882,292,86,2,366.69,733.38
883,292,96,3,92.95,278.85
884,293,46,4,485.84,1943.36
885,293,7,5,181.33,906.65
886,293,86,3,366.69,1100.07
887,293,100,5,495.45,2477.25
888,293,63,4,41.66,166.64
889,294,47,3,65.45,196.35
890,294,60,5,481.64,2408.2
891,294,36,2,190.25,380.5
892,295,14,3,495.44,1486.32
893,295,60,1,481.64,481.64
894,295,54,3,459.91,1379.73
895,296,91,1,214.26,214.26
896,296,25,5,319.47,1597.35
897,297,81,3,27.4,82.2
898,297,46,4,485.84,1943.36
899,297,11,4,390.02,1560.08
900,298,96,3,92.95,278.85
901,298,61,3,149.63,448.89
902,298,21,2,87.73,175.46
903,299,60,5,481.64,2408.2
904,299,84,1,196.83,196.83
905,299,99,2,99.76,199.52
906,300,20,2,214.09,428.18
907,300,49,1,197.37,197.37
908,300,63,1,41.66,41.66
909,300,3,4,326.31,1305.24
910,301,52,3,414.41,1243.23
911,301,88,2,41.45,82.9
912,301,18,3,199.05,597.15
913,301,78,5,133.01,665.05
914,301,38,5,82.49,412.45
915,302,3,2,326.31,652.62
916,302,68,1,490.52,490.52
917,303,32,5,265.19,1325.95
918,303,33,1,459.01,459.01
919,303,72,2,101.64,203.28
920,303,18,3,199.05,597.15
921,303,12,2,394.35,788.7
922,304,27,3,8.97,26.91
923,305,76,3,185.72,557.16
924,305,49,5,197.37,986.85
925,306,82,4,152.01,608.04
926,306,21,5,87.73,438.65
927,307,3,1,326.31,326.31
928,307,9,3,191.86,575.58
929,307,45,4,429.34,1717.36
930,307,32,5,265.19,1325.95
931,308,81,1,27.4,27.4
932,308,82,4,152.01,608.04
933,308,26,4,361.25,1445
934,309,26,3,361.25,1083.75
935,309,78,5,133.01,665.05
936,309,16,3,487.95,1463.85
937,309,63,1,41.66,41.66
938,309,69,5,260.37,1301.85
939,310,37,4,223.91,895.64
940,310,81,2,27.4,54.8
941,311,83,4,453.59,1814.36
942,312,62,1,469.91,469.91
943,312,35,2,181.78,363.56
944,312,84,2,196.83,393.66
945,312,57,4,432.11,1728.44
946,312,73,1,460.36,460.36
947,313,82,3,152.01,456.03
948,313,29,4,122.75,491
949,313,97,2,341.06,682.12
950,313,69,3,260.37,781.11
951,314,92,1,145.26,145.26
952,314,73,4,460.36,1841.44
953,314,75,2,237.54,475.08
954,314,54,5,459.91,2299.55
955,315,82,2,152.01,304.02
956,315,31,2,446.21,892.42
957,315,92,1,145.26,145.26
958,315,2,1,244.85,244.85
959,316,76,3,185.72,557.16
960,317,41,4,251.29,1005.16
961,317,50,3,256.6,769.8
962,317,97,3,341.06,1023.18
963,317,17,4,499.02,1996.08
964,317,34,4,65.17,260.68
965,318,88,5,41.45,207.25
966,319,80,1,255.23,255.23
967,319,43,2,57.98,115.96
968,320,100,1,495.45,495.45
969,320,55,1,496.09,496.09
970,320,22,3,121.22,363.66
971,321,52,5,414.41,2072.05
972,321,25,5,319.47,1597.35
973,321,48,2,126.34,252.68
974,321,53,3,455.07,1365.21
975,321,26,2,361.25,722.5
976,322,68,4,490.52,1962.08
977,322,84,4,196.83,787.32
978,323,31,5,446.21,2231.05
979,323,87,4,324.88,1299.52
980,324,68,1,490.52,490.52
981,324,69,3,260.37,781.11
982,325,1,5,286.35,1431.75
983,326,45,4,429.34,1717.36
984,326,97,2,341.06,682.12
985,327,60,4,481.64,1926.56
986,327,76,4,185.72,742.88
987,327,67,1,279.8,279.8
988,327,19,1,206.82,206.82
989,328,24,2,228.44,456.88
990,328,41,5,251.29,1256.45
991,328,40,4,145.08,580.32
992,328,26,4,361.25,1445
993,329,68,3,490.52,1471.56
994,329,16,3,487.95,1463.85
995,330,25,4,319.47,1277.88
996,330,44,5,294.75,1473.75
997,330,13,3,98.71,296.13
998,330,32,5,265.19,1325.95
999,331,74,3,391.88,1175.64
1000,331,64,1,22.7,22.7
1001,331,91,2,214.26,428.52
1002,331,95,5,155.73,778.65
1003,331,59,4,239.18,956.72
1004,332,71,4,196.37,785.48
1005,332,100,4,495.45,1981.8
1006,332,5,1,90.54,90.54
1007,332,84,1,196.83,196.83
1008,333,17,5,499.02,2495.1
1009,334,25,5,319.47,1597.35
1010,334,47,3,65.45,196.35
1011,335,11,3,390.02,1170.06
1012,335,54,3,459.91,1379.73
1013,335,87,2,324.88,649.76
1014,336,66,2,466.87,933.74
1015,337,62,5,469.91,2349.55
1016,338,8,3,157.69,473.07
1017,338,61,5,149.63,748.15
1018,338,55,5,496.09,2480.45
1019,339,94,4,472.99,1891.96
1020,340,1,3,286.35,859.05
1021,340,22,5,121.22,606.1
1022,341,15,3,42.15,126.45
1023,341,65,4,493.42,1973.68
1024,341,54,3,459.91,1379.73
1025,341,96,5,92.95,464.75
1026,341,17,4,499.02,1996.08
1027,342,4,1,441.08,441.08
1028,342,86,4,366.69,1466.76
1029,343,25,2,319.47,638.94
1030,343,70,1,247.5,247.5
1031,343,14,2,495.44,990.88
1032,343,99,4,99.76,399.04
1033,343,56,3,381.01,1143.03
1034,344,67,5,279.8,1399
1035,345,81,2,27.4,54.8
1036,345,2,5,244.85,1224.25
1037,345,2,2,244.85,489.7
1038,345,77,4,313.4,1253.6
1039,345,42,2,249.67,499.34
1040,346,42,2,249.67,499.34
1041,346,23,1,204.87,204.87
1042,346,73,3,460.36,1381.08
1043,347,35,2,181.78,363.56
1044,347,25,3,319.47,958.41
1045,347,54,4,459.91,1839.64
1046,347,68,1,490.52,490.52
1047,347,61,2,149.63,299.26
1048,348,49,5,197.37,986.85
1049,348,61,1,149.63,149.63
1050,349,45,2,429.34,858.68
1051,350,53,4,455.07,1820.28
1052,351,77,3,313.4,940.2
1053,351,46,3,485.84,1457.52
1054,351,59,5,239.18,1195.9
1055,351,3,3,326.31,978.93
1056,351,49,1,197.37,197.37
1057,352,35,4,181.78,727.12
1058,352,71,5,196.37,981.85
1059,352,53,4,455.07,1820.28
1060,352,83,5,453.59,2267.95
1061,353,91,3,214.26,642.78
1062,353,27,1,8.97,8.97
1063,353,8,3,157.69,473.07
1064,354,71,3,196.37,589.11
1065,354,82,3,152.01,456.03
1066,355,97,2,341.06,682.12
1067,355,88,5,41.45,207.25
1068,355,73,3,460.36,1381.08
1069,356,5,2,90.54,181.08
1070,356,100,2,495.45,990.9
1071,356,94,2,472.99,945.98
1072,357,83,3,453.59,1360.77
1073,357,63,1,41.66,41.66
1074,357,87,1,324.88,324.88
1075,358,54,4,459.91,1839.64
1076,358,94,5,472.99,2364.95
1077,358,72,4,101.64,406.56
1078,358,7,4,181.33,725.32
1079,359,28,2,26.13,52.26
1080,359,96,2,92.95,185.9
1081,360,30,1,247.46,247.46
1082,360,22,4,121.22,484.88
1083,360,21,5,87.73,438.65
1084,361,58,5,378.54,1892.7
1085,362,51,2,127.95,255.9
1086,363,7,4,181.33,725.32
1087,363,52,3,414.41,1243.23
1088,363,95,5,155.73,778.65
1089,363,88,3,41.45,124.35
1090,363,68,5,490.52,2452.6
1091,364,18,2,199.05,398.1
1092,364,95,4,155.73,622.92
1093,364,14,2,495.44,990.88
1094,364,96,4,92.95,371.8
1095,365,89,3,173.6,520.8
1096,365,53,3,455.07,1365.21
1097,365,91,4,214.26,857.04
1098,365,43,3,57.98,173.94
1099,365,7,5,181.33,906.65
1100,366,23,5,204.87,1024.35
1101,366,97,3,341.06,1023.18
1102,366,100,5,495.45,2477.25
1103,367,43,1,57.98,57.98
1104,367,85,1,249.59,249.59
1105,367,60,5,481.64,2408.2
1106,368,33,2,459.01,918.02
1107,369,34,5,65.17,325.85
1108,369,22,4,121.22,484.88
1109,369,9,5,191.86,959.3
1110,369,9,1,191.86,191.86
1111,369,57,5,432.11,2160.55
1112,370,76,5,185.72,928.6
1113,370,72,5,101.64,508.2
1114,371,15,2,42.15,84.3
1115,371,89,1,173.6,173.6
1116,371,64,4,22.7,90.8
1117,371,18,5,199.05,995.25
1118,372,92,2,145.26,290.52
1119,373,9,2,191.86,383.72
1120,373,14,5,495.44,2477.2
1121,373,55,4,496.09,1984.36
1122,373,60,2,481.64,963.28
1123,374,99,1,99.76,99.76
1124,374,8,3,157.69,473.07
1125,375,35,2,181.78,363.56
1126,375,49,3,197.37,592.11
1127,376,46,5,485.84,2429.2
1128,377,52,4,414.41,1657.64
1129,377,72,4,101.64,406.56
1130,377,29,3,122.75,368.25
1131,377,62,3,469.91,1409.73
1132,377,21,2,87.73,175.46
1133,378,5,2,90.54,181.08
1134,378,15,5,42.15,210.75
1135,378,59,3,239.18,717.54
1136,378,6,3,30.35,91.05
1137,379,67,3,279.8,839.4
1138,379,63,1,41.66,41.66
1139,379,97,2,341.06,682.12
1140,379,100,1,495.45,495.45
1141,379,20,4,214.09,856.36
1142,380,66,4,466.87,1867.48
1143,380,84,3,196.83,590.49
1144,380,11,2,390.02,780.04
1145,380,92,1,145.26,145.26
1146,380,25,2,319.47,638.94
1147,381,89,2,173.6,347.2
1148,382,3,2,326.31,652.62
1149,383,29,4,122.75,491
1150,383,48,2,126.34,252.68
1151,384,56,3,381.01,1143.03
1152,384,99,5,99.76,498.8
1153,384,8,1,157.69,157.69
1154,384,62,4,469.91,1879.64
1155,384,50,3,256.6,769.8
1156,385,79,1,220.8,220.8
1157,385,9,4,191.86,767.44
1158,385,6,1,30.35,30.35
1159,385,99,4,99.76,399.04
1160,385,49,4,197.37,789.48
1161,386,37,3,223.91,671.73
1162,386,76,5,185.72,928.6
1163,387,88,4,41.45,165.8
1164,387,51,1,127.95,127.95
1165,388,92,4,145.26,581.04
1166,389,45,5,429.34,2146.7
1167,389,78,1,133.01,133.01
1168,389,36,3,190.25,570.75
1169,389,62,1,469.91,469.91
1170,390,10,4,160.25,641
1171,390,7,4,181.33,725.32
1172,391,23,3,204.87,614.61
1173,391,32,2,265.19,530.38
1174,391,49,5,197.37,986.85
1175,391,66,4,466.87,1867.48
1176,392,79,2,220.8,441.6
1177,392,26,1,361.25,361.25
1178,393,100,4,495.45,1981.8
1179,393,2,4,244.85,979.4
1180,393,98,2,41.41,82.82
1181,394,12,3,394.35,1183.05
1182,394,38,3,82.49,247.47
1183,394,68,3,490.52,1471.56
1184,395,82,2,152.01,304.02
1185,395,17,5,499.02,2495.1
1186,395,58,4,378.54,1514.16
1187,395,14,1,495.44,495.44
1188,395,57,5,432.11,2160.55
1189,396,1,5,286.35,1431.75
1190,396,35,2,181.78,363.56
1191,397,70,3,247.5,742.5
1192,398,16,4,487.95,1951.8
1193,399,9,3,191.86,575.58
1194,399,24,1,228.44,228.44
1195,399,85,5,249.59,1247.95
1196,399,30,2,247.46,494.92
1197,400,59,5,239.18,1195.9
1198,401,27,2,8.97,17.94
1199,401,7,4,181.33,725.32
1200,401,51,3,127.95,383.85
1201,401,80,3,255.23,765.69
1202,401,24,1,228.44,228.44
1203,402,44,4,294.75,1179
1204,402,55,3,496.09,1488.27
1205,402,29,1,122.75,122.75
1206,403,48,1,126.34,126.34
1207,404,4,1,441.08,441.08
1208,404,86,5,366.69,1833.45
1209,404,44,4,294.75,1179
1210,404,11,2,390.02,780.04
1211,404,11,4,390.02,1560.08
1212,405,72,2,101.64,203.28
1213,405,61,3,149.63,448.89
1214,405,43,1,57.98,57.98
1215,405,89,4,173.6,694.4
1216,406,97,5,341.06,1705.3
1217,406,93,5,364.35,1821.75
1218,406,55,2,496.09,992.18
1219,406,75,2,237.54,475.08
1220,407,26,1,361.25,361.25
1221,408,1,5,286.35,1431.75
1222,409,47,1,65.45,65.45
1223,409,40,2,145.08,290.16
1224,409,15,1,42.15,42.15
1225,410,22,5,121.22,606.1
1226,411,2,1,244.85,244.85
1227,411,20,4,214.09,856.36
1228,411,26,5,361.25,1806.25
1229,412,7,2,181.33,362.66
1230,412,35,3,181.78,545.34
1231,413,82,5,152.01,760.05
1232,413,16,5,487.95,2439.75
1233,413,43,4,57.98,231.92
1234,414,67,5,279.8,1399
1235,414,100,3,495.45,1486.35
1236,415,6,1,30.35,30.35
1237,416,11,1,390.02,390.02
1238,416,95,4,155.73,622.92
1239,416,7,5,181.33,906.65
1240,416,62,1,469.91,469.91
1241,416,96,3,92.95,278.85
1242,417,94,5,472.99,2364.95
1243,417,82,5,152.01,760.05
1244,417,6,5,30.35,151.75
1245,417,2,4,244.85,979.4
1246,417,78,2,133.01,266.02
1247,418,14,4,495.44,1981.76
1248,418,25,4,319.47,1277.88
1249,418,22,5,121.22,606.1
1250,418,70,5,247.5,1237.5
1251,419,57,4,432.11,1728.44
1252,420,28,2,26.13,52.26
1253,421,91,1,214.26,214.26
1254,421,13,2,98.71,197.42
1255,421,36,4,190.25,761
1256,421,5,4,90.54,362.16
1257,422,39,1,410.97,410.97
1258,422,98,4,41.41,165.64
1259,422,80,3,255.23,765.69
1260,423,83,5,453.59,2267.95
1261,423,1,5,286.35,1431.75
1262,423,7,5,181.33,906.65
1263,423,87,3,324.88,974.64
1264,423,32,4,265.19,1060.76
1265,424,91,2,214.26,428.52
1266,424,56,3,381.01,1143.03
1267,424,35,4,181.78,727.12
1268,424,38,3,82.49,247.47
1269,424,82,1,152.01,152.01
1270,425,84,2,196.83,393.66
1271,426,3,2,326.31,652.62
1272,426,57,4,432.11,1728.44
1273,426,73,3,460.36,1381.08
1274,426,95,3,155.73,467.19
1275,426,38,3,82.49,247.47
1276,427,59,3,239.18,717.54
1277,427,81,2,27.4,54.8
1278,427,19,3,206.82,620.46
1279,427,54,5,459.91,2299.55
1280,427,24,1,228.44,228.44
1281,428,85,4,249.59,998.36
1282,428,15,1,42.15,42.15
1283,428,19,2,206.82,413.64
1284,428,81,4,27.4,109.6
1285,429,76,5,185.72,928.6
1286,430,92,5,145.26,726.3
1287,430,92,4,145.26,581.04
1288,430,42,1,249.67,249.67
1289,430,72,3,101.64,304.92
1290,430,88,4,41.45,165.8
1291,431,93,4,364.35,1457.4
1292,431,66,1,466.87,466.87
1293,431,59,3,239.18,717.54
1294,432,49,4,197.37,789.48
1295,432,72,3,101.64,304.92
1296,432,100,2,495.45,990.9
1297,433,49,2,197.37,394.74
1298,433,69,1,260.37,260.37
1299,433,34,1,65.17,65.17
1300,433,13,1,98.71,98.71
1301,434,43,2,57.98,115.96
1302,434,47,4,65.45,261.8
1303,434,77,3,313.4,940.2
1304,434,71,2,196.37,392.74
1305,434,99,4,99.76,399.04
1306,435,62,1,469.91,469.91
1307,435,51,1,127.95,127.95
1308,435,83,1,453.59,453.59
1309,435,41,4,251.29,1005.16
1310,435,76,1,185.72,185.72
1311,436,81,3,27.4,82.2
1312,437,30,3,247.46,742.38
1313,438,50,5,256.6,1283
1314,439,68,4,490.52,1962.08
1315,439,26,5,361.25,1806.25
1316,439,27,2,8.97,17.94
1317,439,35,2,181.78,363.56
1318,439,96,4,92.95,371.8
1319,440,40,4,145.08,580.32
1320,440,80,4,255.23,1020.92
1321,440,11,5,390.02,1950.1
1322,441,84,1,196.83,196.83
1323,441,15,2,42.15,84.3
1324,442,96,4,92.95,371.8
1325,442,69,2,260.37,520.74
1326,442,2,1,244.85,244.85
1327,442,8,5,157.69,788.45
1328,443,22,3,121.22,363.66
1329,443,45,3,429.34,1288.02
1330,444,87,5,324.88,1624.4
1331,444,39,4,410.97,1643.88
1332,444,22,3,121.22,363.66
1333,444,22,3,121.22,363.66
1334,445,80,4,255.23,1020.92
1335,445,69,1,260.37,260.37
1336,445,9,2,191.86,383.72
1337,445,9,5,191.86,959.3
1338,445,84,2,196.83,393.66
1339,446,58,5,378.54,1892.7
1340,446,37,5,223.91,1119.55
1341,447,62,3,469.91,1409.73
1342,447,67,1,279.8,279.8
1343,447,65,4,493.42,1973.68
1344,447,61,1,149.63,149.63
1345,448,11,5,390.02,1950.1
1346,448,63,3,41.66,124.98
1347,448,23,5,204.87,1024.35
1348,448,9,2,191.86,383.72
1349,448,56,5,381.01,1905.05
1350,449,47,3,65.45,196.35
1351,450,10,3,160.25,480.75
1352,450,61,5,149.63,748.15
1353,450,23,5,204.87,1024.35
1354,450,5,5,90.54,452.7
1355,451,1,4,286.35,1145.4
1356,451,78,3,133.01,399.03
1357,451,79,3,220.8,662.4
1358,452,82,3,152.01,456.03
1359,453,40,1,145.08,145.08
1360,453,16,5,487.95,2439.75
1361,453,97,2,341.06,682.12
1362,454,70,3,247.5,742.5
1363,454,46,3,485.84,1457.52
1364,454,95,4,155.73,622.92
1365,455,68,3,490.52,1471.56
1366,456,61,1,149.63,149.63
1367,457,72,3,101.64,304.92
1368,458,51,2,127.95,255.9
1369,458,10,4,160.25,641
1370,459,8,4,157.69,630.76
1371,460,24,2,228.44,456.88
1372,460,40,4,145.08,580.32
1373,460,40,1,145.08,145.08
1374,460,26,5,361.25,1806.25
1375,461,11,5,390.02,1950.1
1376,461,51,4,127.95,511.8
1377,462,59,1,239.18,239.18
1378,462,43,1,57.98,57.98
1379,463,29,3,122.75,368.25
1380,463,69,5,260.37,1301.85
1381,463,50,5,256.6,1283
1382,464,95,3,155.73,467.19
1383,464,76,3,185.72,557.16
1384,464,95,4,155.73,622.92
1385,464,85,4,249.59,998.36
1386,465,22,2,121.22,242.44
1387,465,83,1,453.59,453.59
1388,465,12,3,394.35,1183.05
1389,465,72,1,101.64,101.64
1390,466,67,3,279.8,839.4
1391,466,11,4,390.02,1560.08
1392,466,8,3,157.69,473.07
1393,466,22,3,121.22,363.66
1394,467,7,3,181.33,543.99
1395,468,88,2,41.45,82.9
1396,468,65,3,493.42,1480.26
1397,468,86,4,366.69,1466.76
1398,468,63,5,41.66,208.3
1399,469,14,3,495.44,1486.32
1400,469,58,1,378.54,378.54
1401,469,68,4,490.52,1962.08
1402,470,96,1,92.95,92.95
1403,471,58,3,378.54,1135.62
1404,471,90,3,11.29,33.87
1405,471,25,5,319.47,1597.35
1406,471,21,5,87.73,438.65
1407,472,8,2,157.69,315.38
1408,472,94,1,472.99,472.99
1409,472,16,3,487.95,1463.85
1410,473,91,2,214.26,428.52
1411,473,95,4,155.73,622.92
1412,473,30,5,247.46,1237.3
1413,473,35,5,181.78,908.9
1414,474,66,5,466.87,2334.35
1415,474,63,5,41.66,208.3
1416,474,55,1,496.09,496.09
1417,474,49,1,197.37,197.37
1418,474,4,3,441.08,1323.24
1419,475,86,2,366.69,733.38
1420,475,51,5,127.95,639.75
1421,475,17,4,499.02,1996.08
1422,476,66,5,466.87,2334.35
1423,476,5,5,90.54,452.7
1424,476,28,4,26.13,104.52
1425,477,1,3,286.35,859.05
1426,477,44,4,294.75,1179
1427,477,52,2,414.41,828.82
1428,478,79,2,220.8,441.6
1429,478,18,3,199.05,597.15
1430,478,93,5,364.35,1821.75
1431,479,21,4,87.73,350.92
1432,479,3,2,326.31,652.62
1433,479,57,2,432.11,864.22
1434,479,95,1,155.73,155.73
1435,480,41,4,251.29,1005.16
1436,480,53,4,455.07,1820.28
1437,480,76,2,185.72,371.44
1438,480,89,5,173.6,868
1439,480,33,3,459.01,1377.03
1440,481,34,4,65.17,260.68
1441,481,31,5,446.21,2231.05
1442,482,17,4,499.02,1996.08
1443,482,29,5,122.75,613.75
1444,482,25,4,319.47,1277.88
1445,482,22,5,121.22,606.1
1446,483,56,4,381.01,1524.04
1447,483,70,2,247.5,495
1448,483,60,2,481.64,963.28
1449,483,77,2,313.4,626.8
1450,483,94,5,472.99,2364.95
1451,484,61,1,149.63,149.63
1452,484,64,1,22.7,22.7
1453,484,71,2,196.37,392.74
1454,484,83,1,453.59,453.59
1455,484,81,4,27.4,109.6
1456,485,73,5,460.36,2301.8
1457,485,50,4,256.6,1026.4
1458,486,77,3,313.4,940.2
1459,486,18,5,199.05,995.25
1460,486,63,5,41.66,208.3
1461,486,44,5,294.75,1473.75
1462,486,46,2,485.84,971.68
1463,487,62,5,469.91,2349.55
1464,487,44,1,294.75,294.75
1465,487,71,5,196.37,981.85
1466,487,47,1,65.45,65.45
1467,487,59,4,239.18,956.72
1468,488,67,5,279.8,1399
1469,488,31,5,446.21,2231.05
1470,489,54,4,459.91,1839.64
1471,489,62,4,469.91,1879.64
1472,489,18,5,199.05,995.25
1473,489,17,2,499.02,998.04
1474,489,64,4,22.7,90.8
1475,490,79,2,220.8,441.6
1476,490,62,3,469.91,1409.73
1477,490,50,3,256.6,769.8
1478,491,78,2,133.01,266.02
1479,491,52,5,414.41,2072.05
1480,492,43,2,57.98,115.96
1481,493,37,4,223.91,895.64
1482,493,89,1,173.6,173.6
1483,493,71,3,196.37,589.11
1484,493,12,3,394.35,1183.05
1485,493,70,3,247.5,742.5
1486,494,91,1,214.26,214.26
1487,495,94,5,472.99,2364.95
1488,495,9,3,191.86,575.58
1489,495,50,4,256.6,1026.4
1490,495,27,5,8.97,44.85
1491,496,85,4,249.59,998.36
1492,496,44,5,294.75,1473.75
1493,496,69,4,260.37,1041.48
1494,496,75,1,237.54,237.54
1495,497,57,5,432.11,2160.55
1496,497,80,4,255.23,1020.92
1497,497,46,4,485.84,1943.36
1498,498,1,5,286.35,1431.75
1499,498,97,3,341.06,1023.18
1500,498,13,3,98.71,296.13
1501,498,82,2,152.01,304.02
1502,499,5,2,90.54,181.08
1503,499,9,4,191.86,767.44
1504,499,92,2,145.26,290.52
1505,499,72,1,101.64,101.64
1506,500,82,5,152.01,760.05
1507,500,35,1,181.78,181.78
1508,500,7,5,181.33,906.65
1509,501,87,5,324.88,1624.4
1510,502,90,2,11.29,22.58
1511,502,71,4,196.37,785.48
1512,502,68,2,490.52,981.04
1513,503,58,2,378.54,757.08
1514,504,55,3,496.09,1488.27
1515,504,35,5,181.78,908.9
1516,504,19,2,206.82,413.64
1517,504,79,3,220.8,662.4
1518,504,75,4,237.54,950.16
1519,505,73,1,460.36,460.36
1520,505,74,2,391.88,783.76
1521,505,51,3,127.95,383.85
1522,505,62,5,469.91,2349.55
1523,505,94,3,472.99,1418.97
1524,506,48,2,126.34,252.68
1525,506,36,5,190.25,951.25
1526,506,74,1,391.88,391.88
1527,506,70,2,247.5,495
1528,506,40,2,145.08,290.16
1529,507,5,5,90.54,452.7
1530,507,64,4,22.7,90.8
1531,507,37,4,223.91,895.64
1532,507,9,4,191.86,767.44
1533,508,24,3,228.44,685.32
1534,508,12,1,394.35,394.35
1535,509,79,1,220.8,220.8
1536,509,57,4,432.11,1728.44
1537,509,89,1,173.6,173.6
1538,509,91,1,214.26,214.26
1539,509,78,5,133.01,665.05
1540,510,35,2,181.78,363.56
1541,510,78,2,133.01,266.02
1542,511,26,2,361.25,722.5
1543,511,64,1,22.7,22.7
1544,512,87,5,324.88,1624.4
1545,513,72,5,101.64,508.2
1546,514,47,3,65.45,196.35
1547,515,67,3,279.8,839.4
1548,515,39,4,410.97,1643.88
1549,516,57,3,432.11,1296.33
1550,516,9,3,191.86,575.58
1551,516,31,2,446.21,892.42
1552,516,11,3,390.02,1170.06
1553,516,63,5,41.66,208.3
1554,517,20,2,214.09,428.18
1555,517,54,2,459.91,919.82
1556,518,26,2,361.25,722.5
1557,518,11,4,390.02,1560.08
1558,518,15,2,42.15,84.3
1559,519,23,3,204.87,614.61
1560,519,91,3,214.26,642.78
1561,519,11,4,390.02,1560.08
1562,519,45,1,429.34,429.34
1563,519,75,1,237.54,237.54
1564,520,59,5,239.18,1195.9
1565,520,4,3,441.08,1323.24
1566,520,5,1,90.54,90.54
1567,520,15,1,42.15,42.15
1568,520,5,2,90.54,181.08
1569,521,15,3,42.15,126.45
1570,521,60,1,481.64,481.64
1571,521,46,4,485.84,1943.36
1572,521,50,4,256.6,1026.4
1573,522,34,4,65.17,260.68
1574,522,84,5,196.83,984.15
1575,523,5,4,90.54,362.16
1576,524,9,2,191.86,383.72
1577,524,56,2,381.01,762.02
1578,525,10,1,160.25,160.25
1579,525,11,3,390.02,1170.06
1580,526,82,3,152.01,456.03
1581,526,74,5,391.88,1959.4
1582,526,16,3,487.95,1463.85
1583,527,74,3,391.88,1175.64
1584,528,45,4,429.34,1717.36
1585,528,34,5,65.17,325.85
1586,528,69,4,260.37,1041.48
1587,528,24,1,228.44,228.44
1588,528,48,1,126.34,126.34
1589,529,97,3,341.06,1023.18
1590,530,78,1,133.01,133.01
1591,530,14,2,495.44,990.88
1592,530,53,4,455.07,1820.28
1593,531,93,1,364.35,364.35
1594,531,9,2,191.86,383.72
1595,531,19,3,206.82,620.46
1596,531,7,3,181.33,543.99
1597,532,23,1,204.87,204.87
1598,532,33,1,459.01,459.01
1599,533,41,2,251.29,502.58
1600,534,25,2,319.47,638.94
1601,534,63,4,41.66,166.64
1602,534,44,3,294.75,884.25
1603,534,80,4,255.23,1020.92
1604,534,98,3,41.41,124.23
1605,535,100,2,495.45,990.9
1606,535,23,2,204.87,409.74
1607,535,96,5,92.95,464.75
1608,536,68,5,490.52,2452.6
1609,536,10,3,160.25,480.75
1610,537,45,2,429.34,858.68
1611,537,42,3,249.67,749.01
1612,537,86,4,366.69,1466.76
1613,537,20,5,214.09,1070.45
1614,538,26,4,361.25,1445
1615,538,58,5,378.54,1892.7
1616,538,37,4,223.91,895.64
1617,538,85,3,249.59,748.77
1618,539,1,4,286.35,1145.4
1619,539,25,1,319.47,319.47
1620,539,92,3,145.26,435.78
1621,540,12,5,394.35,1971.75
1622,540,38,3,82.49,247.47
1623,541,61,5,149.63,748.15
1624,541,22,3,121.22,363.66
1625,541,82,1,152.01,152.01
1626,542,46,3,485.84,1457.52
1627,542,55,5,496.09,2480.45
1628,543,33,2,459.01,918.02
1629,543,46,1,485.84,485.84
1630,543,61,5,149.63,748.15
1631,544,13,4,98.71,394.84
1632,545,90,4,11.29,45.16
1633,545,30,3,247.46,742.38
1634,545,25,4,319.47,1277.88
1635,545,75,5,237.54,1187.7
1636,545,45,2,429.34,858.68
1637,546,53,5,455.07,2275.35
1638,547,7,2,181.33,362.66
1639,547,97,1,341.06,341.06
1640,547,12,1,394.35,394.35
1641,547,44,5,294.75,1473.75
1642,548,23,1,204.87,204.87
1643,548,51,1,127.95,127.95
1644,549,43,2,57.98,115.96
1645,549,51,3,127.95,383.85
1646,550,13,2,98.71,197.42
1647,551,76,4,185.72,742.88
1648,551,77,3,313.4,940.2
1649,551,68,2,490.52,981.04
1650,551,70,5,247.5,1237.5
1651,552,69,2,260.37,520.74
1652,552,4,4,441.08,1764.32
1653,552,3,2,326.31,652.62
1654,553,39,1,410.97,410.97
1655,553,48,1,126.34,126.34
1656,553,71,5,196.37,981.85
1657,553,85,4,249.59,998.36
1658,553,40,1,145.08,145.08
1659,554,38,5,82.49,412.45
1660,554,48,2,126.34,252.68
1661,554,97,4,341.06,1364.24
1662,555,15,2,42.15,84.3
1663,556,13,2,98.71,197.42
1664,556,86,2,366.69,733.38
1665,556,87,3,324.88,974.64
1666,557,20,5,214.09,1070.45
1667,557,27,2,8.97,17.94
1668,558,9,5,191.86,959.3
1669,558,70,3,247.5,742.5
1670,558,60,4,481.64,1926.56
1671,559,81,3,27.4,82.2
1672,559,47,4,65.45,261.8
1673,559,17,1,499.02,499.02
1674,559,99,3,99.76,299.28
1675,560,88,4,41.45,165.8
1676,560,81,1,27.4,27.4
1677,561,54,4,459.91,1839.64
1678,561,48,3,126.34,379.02
1679,562,19,3,206.82,620.46
1680,562,12,1,394.35,394.35
1681,562,84,5,196.83,984.15
1682,562,66,4,466.87,1867.48
1683,563,67,4,279.8,1119.2
1684,563,51,2,127.95,255.9
1685,563,49,2,197.37,394.74
1686,563,40,3,145.08,435.24
1687,563,85,4,249.59,998.36
1688,564,62,2,469.91,939.82
1689,564,42,4,249.67,998.68
1690,564,9,5,191.86,959.3
1691,565,68,2,490.52,981.04
1692,565,64,1,22.7,22.7
1693,565,45,5,429.34,2146.7
1694,565,29,1,122.75,122.75
1695,565,73,1,460.36,460.36
1696,566,73,4,460.36,1841.44
1697,566,64,3,22.7,68.1
1698,566,50,3,256.6,769.8
1699,566,80,3,255.23,765.69
1700,567,48,3,126.34,379.02
1701,568,24,4,228.44,913.76
1702,568,91,3,214.26,642.78
1703,568,85,3,249.59,748.77
1704,568,46,5,485.84,2429.2
1705,569,44,5,294.75,1473.75
1706,569,98,1,41.41,41.41
1707,569,31,5,446.21,2231.05
1708,570,59,2,239.18,478.36
1709,570,16,2,487.95,975.9
1710,570,9,2,191.86,383.72
1711,570,19,3,206.82,620.46
1712,570,19,5,206.82,1034.1
1713,571,44,1,294.75,294.75
1714,571,57,3,432.11,1296.33
1715,571,30,5,247.46,1237.3
1716,572,57,3,432.11,1296.33
1717,572,45,1,429.34,429.34
1718,572,42,3,249.67,749.01
1719,572,90,1,11.29,11.29
1720,573,63,4,41.66,166.64
1721,573,19,1,206.82,206.82
1722,573,82,2,152.01,304.02
1723,573,74,3,391.88,1175.64
1724,573,41,1,251.29,251.29
1725,574,71,1,196.37,196.37
1726,575,81,4,27.4,109.6
1727,576,52,5,414.41,2072.05
1728,576,36,4,190.25,761
1729,576,35,4,181.78,727.12
1730,577,91,3,214.26,642.78
1731,577,48,4,126.34,505.36
1732,577,31,3,446.21,1338.63
1733,578,66,3,466.87,1400.61
1734,578,8,5,157.69,788.45
1735,578,93,2,364.35,728.7
1736,579,37,1,223.91,223.91
1737,579,55,5,496.09,2480.45
1738,579,62,5,469.91,2349.55
1739,579,1,2,286.35,572.7
1740,580,74,4,391.88,1567.52
1741,581,20,2,214.09,428.18
1742,581,67,3,279.8,839.4
1743,581,62,2,469.91,939.82
1744,582,56,5,381.01,1905.05
1745,582,8,4,157.69,630.76
1746,582,66,5,466.87,2334.35
1747,582,3,5,326.31,1631.55
1748,583,5,3,90.54,271.62
1749,583,31,5,446.21,2231.05
1750,583,77,4,313.4,1253.6
1751,584,98,4,41.41,165.64
1752,584,46,2,485.84,971.68
1753,584,58,2,378.54,757.08
1754,584,4,5,441.08,2205.4
1755,585,6,3,30.35,91.05
1756,585,28,2,26.13,52.26
1757,585,89,2,173.6,347.2
1758,585,58,5,378.54,1892.7
1759,586,25,5,319.47,1597.35
1760,586,56,4,381.01,1524.04
1761,586,89,4,173.6,694.4
1762,586,54,5,459.91,2299.55
1763,587,99,1,99.76,99.76
1764,587,95,2,155.73,311.46
1765,587,77,3,313.4,940.2
1766,588,57,2,432.11,864.22
1767,588,32,1,265.19,265.19
1768,588,41,1,251.29,251.29
1769,588,2,1,244.85,244.85
1770,589,51,2,127.95,255.9
1771,589,100,4,495.45,1981.8
1772,590,32,1,265.19,265.19
1773,591,37,1,223.91,223.91
1774,592,65,1,493.42,493.42
1775,593,96,1,92.95,92.95
1776,593,29,2,122.75,245.5
1777,593,96,1,92.95,92.95
1778,594,45,3,429.34,1288.02
1779,594,4,1,441.08,441.08
1780,594,66,2,466.87,933.74
1781,594,58,3,378.54,1135.62
1782,594,32,5,265.19,1325.95
1783,595,43,1,57.98,57.98
1784,596,67,1,279.8,279.8
1785,596,4,3,441.08,1323.24
1786,596,80,3,255.23,765.69
1787,596,64,5,22.7,113.5
1788,596,29,4,122.75,491
1789,597,17,2,499.02,998.04
1790,597,65,1,493.42,493.42
1791,598,86,1,366.69,366.69
1792,598,64,5,22.7,113.5
1793,598,80,5,255.23,1276.15
1794,598,58,2,378.54,757.08
1795,598,68,2,490.52,981.04
1796,599,70,5,247.5,1237.5
1797,600,12,4,394.35,1577.4
1798,601,10,5,160.25,801.25
1799,602,12,1,394.35,394.35
1800,602,53,2,455.07,910.14
1801,603,88,4,41.45,165.8
1802,603,50,1,256.6,256.6
1803,603,38,5,82.49,412.45
1804,604,72,2,101.64,203.28
1805,604,95,5,155.73,778.65
1806,604,16,4,487.95,1951.8
1807,604,59,4,239.18,956.72
1808,604,84,3,196.83,590.49
1809,605,28,1,26.13,26.13
1810,606,32,4,265.19,1060.76
1811,606,6,5,30.35,151.75
1812,606,77,2,313.4,626.8
1813,606,47,3,65.45,196.35
1814,606,77,5,313.4,1567
1815,607,10,4,160.25,641
1816,607,99,3,99.76,299.28
1817,607,92,4,145.26,581.04
1818,607,87,5,324.88,1624.4
1819,607,45,5,429.34,2146.7
1820,608,23,3,204.87,614.61
1821,608,69,4,260.37,1041.48
1822,608,51,3,127.95,383.85
1823,608,13,5,98.71,493.55
1824,609,54,1,459.91,459.91
1825,609,14,4,495.44,1981.76
1826,609,38,4,82.49,329.96
1827,609,60,2,481.64,963.28
1828,609,91,4,214.26,857.04
1829,610,60,5,481.64,2408.2
1830,610,34,5,65.17,325.85
1831,610,6,4,30.35,121.4
1832,610,27,4,8.97,35.88
1833,610,37,1,223.91,223.91
1834,611,49,3,197.37,592.11
1835,612,30,4,247.46,989.84
1836,612,77,3,313.4,940.2
1837,612,64,1,22.7,22.7
1838,612,27,3,8.97,26.91
1839,613,20,1,214.09,214.09
1840,613,75,2,237.54,475.08
1841,613,10,2,160.25,320.5
1842,613,94,2,472.99,945.98
1843,613,16,1,487.95,487.95
1844,614,48,5,126.34,631.7
1845,615,55,1,496.09,496.09
1846,615,10,5,160.25,801.25
1847,615,4,2,441.08,882.16
1848,615,98,4,41.41,165.64
1849,615,69,5,260.37,1301.85
1850,616,56,3,381.01,1143.03
1851,617,1,4,286.35,1145.4
1852,617,76,2,185.72,371.44
1853,617,95,2,155.73,311.46
1854,617,57,4,432.11,1728.44
1855,617,66,5,466.87,2334.35
1856,618,15,3,42.15,126.45
1857,618,23,4,204.87,819.48
1858,618,59,2,239.18,478.36
1859,619,90,4,11.29,45.16
1860,619,69,1,260.37,260.37
1861,619,74,5,391.88,1959.4
1862,620,81,3,27.4,82.2
1863,621,82,1,152.01,152.01
1864,621,53,1,455.07,455.07
1865,621,83,2,453.59,907.18
1866,622,86,1,366.69,366.69
1867,623,99,3,99.76,299.28
1868,623,74,4,391.88,1567.52
1869,623,31,1,446.21,446.21
1870,623,40,3,145.08,435.24
1871,624,75,1,237.54,237.54
1872,624,73,1,460.36,460.36
1873,624,45,1,429.34,429.34
1874,624,74,2,391.88,783.76
1875,624,95,1,155.73,155.73
1876,625,67,1,279.8,279.8
1877,625,91,2,214.26,428.52
1878,625,22,4,121.22,484.88
1879,626,71,1,196.37,196.37
1880,626,79,2,220.8,441.6
1881,626,79,3,220.8,662.4
1882,626,29,1,122.75,122.75
1883,626,22,3,121.22,363.66
1884,627,56,4,381.01,1524.04
1885,627,17,3,499.02,1497.06
1886,627,11,2,390.02,780.04
1887,627,24,3,228.44,685.32
1888,627,63,5,41.66,208.3
1889,628,26,2,361.25,722.5
1890,628,77,4,313.4,1253.6
1891,629,9,5,191.86,959.3
1892,629,63,3,41.66,124.98
1893,629,41,3,251.29,753.87
1894,629,44,2,294.75,589.5
1895,630,7,4,181.33,725.32
1896,630,46,1,485.84,485.84
1897,631,46,2,485.84,971.68
1898,631,4,5,441.08,2205.4
1899,632,16,2,487.95,975.9
1900,632,59,1,239.18,239.18
1901,632,59,3,239.18,717.54
1902,632,98,2,41.41,82.82
1903,633,17,5,499.02,2495.1
1904,633,54,5,459.91,2299.55
1905,633,91,3,214.26,642.78
1906,634,90,5,11.29,56.45
1907,634,86,2,366.69,733.38
1908,634,56,3,381.01,1143.03
1909,634,58,4,378.54,1514.16
1910,634,75,2,237.54,475.08
1911,635,33,5,459.01,2295.05
1912,635,75,4,237.54,950.16
1913,635,24,1,228.44,228.44
1914,636,21,4,87.73,350.92
1915,637,48,1,126.34,126.34
1916,637,79,4,220.8,883.2
1917,637,81,2,27.4,54.8
1918,637,38,3,82.49,247.47
1919,638,27,5,8.97,44.85
1920,638,40,4,145.08,580.32
1921,639,71,2,196.37,392.74
1922,640,85,4,249.59,998.36
1923,640,72,2,101.64,203.28
1924,641,29,2,122.75,245.5
1925,641,15,5,42.15,210.75
1926,641,35,2,181.78,363.56
1927,642,85,1,249.59,249.59
1928,642,75,1,237.54,237.54
1929,642,12,1,394.35,394.35
1930,642,50,5,256.6,1283
1931,643,45,2,429.34,858.68
1932,643,47,1,65.45,65.45
1933,644,48,1,126.34,126.34
1934,644,35,4,181.78,727.12
1935,644,42,5,249.67,1248.35
1936,644,71,5,196.37,981.85
1937,644,48,3,126.34,379.02
1938,645,89,2,173.6,347.2
1939,646,50,4,256.6,1026.4
1940,646,31,4,446.21,1784.84
1941,646,73,1,460.36,460.36
1942,646,100,3,495.45,1486.35
1943,647,56,1,381.01,381.01
1944,647,60,4,481.64,1926.56
1945,647,5,1,90.54,90.54
1946,647,66,5,466.87,2334.35
1947,647,49,3,197.37,592.11
1948,648,80,1,255.23,255.23
1949,648,91,5,214.26,1071.3
1950,648,14,1,495.44,495.44
1951,648,68,3,490.52,1471.56
1952,649,93,4,364.35,1457.4
1953,650,20,5,214.09,1070.45
1954,650,84,4,196.83,787.32
1955,650,89,2,173.6,347.2
1956,650,69,4,260.37,1041.48
1957,651,23,1,204.87,204.87
1958,651,75,4,237.54,950.16
1959,652,74,2,391.88,783.76
1960,652,33,4,459.01,1836.04
1961,652,34,2,65.17,130.34
1962,652,12,1,394.35,394.35
1963,653,67,4,279.8,1119.2
1964,653,4,4,441.08,1764.32
1965,654,62,3,469.91,1409.73
1966,655,32,4,265.19,1060.76
1967,655,29,4,122.75,491
1968,655,97,4,341.06,1364.24
1969,655,41,1,251.29,251.29
1970,656,18,5,199.05,995.25
1971,656,78,1,133.01,133.01
1972,657,96,2,92.95,185.9
1973,657,11,3,390.02,1170.06
1974,657,43,4,57.98,231.92
1975,658,46,4,485.84,1943.36
1976,658,96,1,92.95,92.95
1977,658,31,5,446.21,2231.05
1978,659,76,5,185.72,928.6
1979,659,8,5,157.69,788.45
1980,659,28,1,26.13,26.13
1981,660,37,1,223.91,223.91
1982,661,17,2,499.02,998.04
1983,661,60,1,481.64,481.64
1984,661,54,5,459.91,2299.55
1985,661,81,5,27.4,137
1986,662,71,4,196.37,785.48
1987,663,66,4,466.87,1867.48
1988,663,17,2,499.02,998.04
1989,663,18,2,199.05,398.1
1990,663,69,2,260.37,520.74
1991,664,61,3,149.63,448.89
1992,664,61,3,149.63,448.89
1993,664,81,3,27.4,82.2
1994,664,89,5,173.6,868
1995,664,58,1,378.54,378.54
1996,665,74,4,391.88,1567.52
1997,665,46,2,485.84,971.68
1998,665,84,1,196.83,196.83
1999,666,62,3,469.91,1409.73
2000,666,63,4,41.66,166.64
2001,666,58,5,378.54,1892.7
2002,667,69,3,260.37,781.11
2003,667,80,3,255.23,765.69
2004,667,44,5,294.75,1473.75
2005,668,18,2,199.05,398.1
2006,668,19,3,206.82,620.46
2007,668,97,5,341.06,1705.3
2008,668,38,4,82.49,329.96
2009,668,15,1,42.15,42.15
2010,669,81,2,27.4,54.8
2011,669,35,1,181.78,181.78
2012,669,14,3,495.44,1486.32
2013,670,23,1,204.87,204.87
2014,671,35,4,181.78,727.12
2015,671,90,1,11.29,11.29
2016,672,32,3,265.19,795.57
2017,672,69,1,260.37,260.37
2018,672,93,5,364.35,1821.75
2019,673,43,4,57.98,231.92
2020,674,78,5,133.01,665.05
2021,674,30,4,247.46,989.84
2022,674,36,2,190.25,380.5
2023,674,19,4,206.82,827.28
2024,674,82,4,152.01,608.04
2025,675,74,3,391.88,1175.64
2026,675,99,3,99.76,299.28
2027,675,7,2,181.33,362.66
2028,675,34,2,65.17,130.34
2029,675,43,1,57.98,57.98
2030,676,39,2,410.97,821.94
2031,676,2,4,244.85,979.4
2032,676,18,1,199.05,199.05
2033,676,47,4,65.45,261.8
2034,676,17,2,499.02,998.04
2035,677,66,2,466.87,933.74
2036,678,26,3,361.25,1083.75
2037,678,68,1,490.52,490.52
2038,678,33,3,459.01,1377.03
2039,679,16,3,487.95,1463.85
2040,679,19,1,206.82,206.82
2041,679,95,5,155.73,778.65
2042,679,75,3,237.54,712.62
2043,680,69,3,260.37,781.11
2044,680,6,5,30.35,151.75
2045,680,17,3,499.02,1497.06
2046,681,83,4,453.59,1814.36
2047,682,55,5,496.09,2480.45
2048,683,32,1,265.19,265.19
2049,684,97,3,341.06,1023.18
2050,684,87,3,324.88,974.64
2051,684,94,3,472.99,1418.97
2052,684,56,3,381.01,1143.03
2053,684,4,5,441.08,2205.4
2054,685,31,3,446.21,1338.63
2055,686,14,4,495.44,1981.76
2056,687,57,5,432.11,2160.55
2057,687,32,4,265.19,1060.76
2058,687,34,4,65.17,260.68
2059,687,43,4,57.98,231.92
2060,688,15,4,42.15,168.6
2061,688,26,5,361.25,1806.25
2062,688,53,3,455.07,1365.21
2063,689,82,3,152.01,456.03
2064,689,67,4,279.8,1119.2
2065,689,42,2,249.67,499.34
2066,690,17,5,499.02,2495.1
2067,690,73,2,460.36,920.72
2068,690,6,4,30.35,121.4
2069,691,55,1,496.09,496.09
2070,691,75,2,237.54,475.08
2071,691,21,1,87.73,87.73
2072,692,91,5,214.26,1071.3
2073,692,40,5,145.08,725.4
2074,692,15,5,42.15,210.75
2075,692,70,4,247.5,990
2076,693,45,5,429.34,2146.7
2077,694,52,3,414.41,1243.23
2078,694,15,2,42.15,84.3
2079,695,75,5,237.54,1187.7
2080,695,69,1,260.37,260.37
2081,695,92,1,145.26,145.26
2082,696,4,3,441.08,1323.24
2083,697,2,4,244.85,979.4
2084,697,74,1,391.88,391.88
2085,697,61,1,149.63,149.63
2086,697,100,2,495.45,990.9
2087,698,31,2,446.21,892.42
2088,698,56,3,381.01,1143.03
2089,698,30,2,247.46,494.92
2090,699,13,3,98.71,296.13
2091,699,29,3,122.75,368.25
2092,699,16,5,487.95,2439.75
2093,700,10,1,160.25,160.25
2094,701,67,2,279.8,559.6
2095,701,31,2,446.21,892.42
2096,701,99,3,99.76,299.28
2097,701,46,2,485.84,971.68
2098,702,58,1,378.54,378.54
2099,703,34,5,65.17,325.85
2100,704,49,2,197.37,394.74
2101,704,62,1,469.91,469.91
2102,704,63,4,41.66,166.64
2103,705,89,5,173.6,868
2104,705,23,1,204.87,204.87
2105,705,98,4,41.41,165.64
2106,706,45,4,429.34,1717.36
2107,707,49,2,197.37,394.74
2108,707,65,1,493.42,493.42
2109,707,58,4,378.54,1514.16
2110,708,81,4,27.4,109.6
2111,709,33,2,459.01,918.02
2112,710,29,5,122.75,613.75
2113,710,80,1,255.23,255.23
2114,710,37,5,223.91,1119.55
2115,711,58,4,378.54,1514.16
2116,711,15,2,42.15,84.3
2117,711,52,3,414.41,1243.23
2118,711,77,3,313.4,940.2
2119,711,76,4,185.72,742.88
2120,712,11,2,390.02,780.04
2121,712,6,5,30.35,151.75
2122,712,39,2,410.97,821.94
2123,712,6,4,30.35,121.4
2124,712,82,5,152.01,760.05
2125,713,50,2,256.6,513.2
2126,714,33,1,459.01,459.01
2127,714,10,5,160.25,801.25
2128,714,32,1,265.19,265.19
2129,715,33,2,459.01,918.02
2130,716,55,5,496.09,2480.45
2131,717,80,5,255.23,1276.15
2132,717,20,1,214.09,214.09
2133,717,50,2,256.6,513.2
2134,718,4,3,441.08,1323.24
2135,719,98,5,41.41,207.05
2136,719,92,2,145.26,290.52
2137,720,32,4,265.19,1060.76
2138,720,82,2,152.01,304.02
2139,720,13,1,98.71,98.71
2140,721,34,3,65.17,195.51
2141,721,100,2,495.45,990.9
2142,721,44,3,294.75,884.25
2143,721,5,5,90.54,452.7
2144,722,45,5,429.34,2146.7
2145,722,23,4,204.87,819.48
2146,722,50,2,256.6,513.2
2147,723,85,1,249.59,249.59
2148,723,16,3,487.95,1463.85
2149,724,82,3,152.01,456.03
2150,725,99,4,99.76,399.04
2151,725,99,2,99.76,199.52
2152,725,69,4,260.37,1041.48
2153,726,45,5,429.34,2146.7
2154,726,48,5,126.34,631.7
2155,726,51,4,127.95,511.8
2156,726,39,2,410.97,821.94
2157,727,15,3,42.15,126.45
2158,727,43,4,57.98,231.92
2159,728,60,1,481.64,481.64
2160,728,85,3,249.59,748.77
2161,728,77,2,313.4,626.8
2162,728,65,5,493.42,2467.1
2163,728,73,1,460.36,460.36
2164,729,7,1,181.33,181.33
2165,729,42,3,249.67,749.01
2166,729,83,5,453.59,2267.95
2167,730,8,4,157.69,630.76
2168,731,88,5,41.45,207.25
2169,731,48,4,126.34,505.36
2170,731,48,4,126.34,505.36
2171,732,20,3,214.09,642.27
2172,732,15,2,42.15,84.3
2173,732,73,4,460.36,1841.44
2174,733,58,3,378.54,1135.62
2175,734,45,3,429.34,1288.02
2176,734,65,4,493.42,1973.68
2177,735,34,5,65.17,325.85
2178,736,86,4,366.69,1466.76
2179,736,22,5,121.22,606.1
2180,736,16,2,487.95,975.9
2181,736,55,2,496.09,992.18
2182,737,80,1,255.23,255.23
2183,737,17,1,499.02,499.02
2184,737,6,1,30.35,30.35
2185,738,25,3,319.47,958.41
2186,739,75,2,237.54,475.08
2187,739,47,5,65.45,327.25
2188,740,82,2,152.01,304.02
2189,740,100,5,495.45,2477.25
2190,741,78,2,133.01,266.02
2191,741,100,2,495.45,990.9
2192,741,29,1,122.75,122.75
2193,741,41,2,251.29,502.58
2194,742,10,2,160.25,320.5
2195,742,41,4,251.29,1005.16
2196,743,32,1,265.19,265.19
2197,743,17,1,499.02,499.02
2198,744,58,4,378.54,1514.16
2199,745,94,4,472.99,1891.96
2200,745,25,3,319.47,958.41
2201,745,69,3,260.37,781.11
2202,745,83,4,453.59,1814.36
2203,745,69,1,260.37,260.37
2204,746,5,2,90.54,181.08
2205,746,8,4,157.69,630.76
2206,746,25,5,319.47,1597.35
2207,747,51,3,127.95,383.85
2208,748,1,1,286.35,286.35
2209,748,71,4,196.37,785.48
2210,748,20,5,214.09,1070.45
2211,748,55,1,496.09,496.09
2212,748,5,3,90.54,271.62
2213,749,26,1,361.25,361.25
2214,749,86,4,366.69,1466.76
2215,749,75,5,237.54,1187.7
2216,750,64,2,22.7,45.4
2217,750,23,3,204.87,614.61
2218,750,53,4,455.07,1820.28
2219,751,31,1,446.21,446.21
2220,751,39,3,410.97,1232.91
2221,751,55,2,496.09,992.18
2222,751,86,1,366.69,366.69
2223,751,32,2,265.19,530.38
2224,752,100,4,495.45,1981.8
2225,752,16,5,487.95,2439.75
2226,752,5,4,90.54,362.16
2227,753,4,5,441.08,2205.4
2228,753,3,3,326.31,978.93
2229,754,17,3,499.02,1497.06
2230,754,82,1,152.01,152.01
2231,754,33,1,459.01,459.01
2232,754,73,2,460.36,920.72
2233,754,96,4,92.95,371.8
2234,755,29,4,122.75,491
2235,755,36,5,190.25,951.25
2236,755,7,2,181.33,362.66
2237,756,61,1,149.63,149.63
2238,757,29,1,122.75,122.75
2239,757,28,4,26.13,104.52
2240,758,71,2,196.37,392.74
2241,759,25,3,319.47,958.41
2242,759,8,4,157.69,630.76
2243,759,23,5,204.87,1024.35
2244,759,62,1,469.91,469.91
2245,760,21,4,87.73,350.92
2246,760,79,5,220.8,1104
2247,761,32,2,265.19,530.38
2248,762,53,4,455.07,1820.28
2249,762,53,2,455.07,910.14
2250,762,75,1,237.54,237.54
2251,762,10,4,160.25,641
2252,763,16,2,487.95,975.9
2253,763,9,1,191.86,191.86
2254,763,95,2,155.73,311.46
2255,764,67,5,279.8,1399
2256,765,67,1,279.8,279.8
2257,765,19,4,206.82,827.28
2258,765,29,3,122.75,368.25
2259,765,75,3,237.54,712.62
2260,766,5,3,90.54,271.62
2261,766,30,1,247.46,247.46
2262,766,97,3,341.06,1023.18
2263,767,18,5,199.05,995.25
2264,767,29,4,122.75,491
2265,768,14,2,495.44,990.88
2266,769,36,4,190.25,761
2267,770,9,2,191.86,383.72
2268,770,66,3,466.87,1400.61
2269,771,16,1,487.95,487.95
2270,771,44,5,294.75,1473.75
2271,772,86,4,366.69,1466.76
2272,772,26,3,361.25,1083.75
2273,772,29,5,122.75,613.75
2274,773,79,3,220.8,662.4
2275,773,43,3,57.98,173.94
2276,773,76,4,185.72,742.88
2277,773,8,4,157.69,630.76
2278,774,29,5,122.75,613.75
2279,774,8,5,157.69,788.45
2280,774,57,3,432.11,1296.33
2281,774,7,5,181.33,906.65
2282,775,61,5,149.63,748.15
2283,775,42,2,249.67,499.34
2284,775,43,3,57.98,173.94
2285,776,99,2,99.76,199.52
2286,777,99,2,99.76,199.52
2287,777,3,4,326.31,1305.24
2288,778,48,5,126.34,631.7
2289,778,38,4,82.49,329.96
2290,778,9,5,191.86,959.3
2291,778,37,5,223.91,1119.55
2292,779,51,4,127.95,511.8
2293,779,60,1,481.64,481.64
2294,780,68,4,490.52,1962.08
2295,780,6,4,30.35,121.4
2296,780,67,2,279.8,559.6
2297,781,87,3,324.88,974.64
2298,782,21,4,87.73,350.92
2299,782,5,4,90.54,362.16
2300,783,90,1,11.29,11.29
2301,783,39,1,410.97,410.97
2302,784,90,3,11.29,33.87
2303,784,96,4,92.95,371.8
2304,784,24,4,228.44,913.76
2305,784,83,3,453.59,1360.77
2306,785,50,3,256.6,769.8
2307,785,10,4,160.25,641
2308,786,39,1,410.97,410.97
2309,786,21,3,87.73,263.19
2310,786,13,2,98.71,197.42
2311,786,78,3,133.01,399.03
2312,786,88,1,41.45,41.45
2313,787,63,5,41.66,208.3
2314,787,53,1,455.07,455.07
2315,787,56,4,381.01,1524.04
2316,787,38,2,82.49,164.98
2317,787,20,4,214.09,856.36
2318,788,92,4,145.26,581.04
2319,788,77,4,313.4,1253.6
2320,788,97,1,341.06,341.06
2321,788,14,5,495.44,2477.2
2322,788,46,2,485.84,971.68
2323,789,23,4,204.87,819.48
2324,789,64,1,22.7,22.7
2325,789,44,3,294.75,884.25
2326,789,93,4,364.35,1457.4
2327,790,56,3,381.01,1143.03
2328,790,29,5,122.75,613.75
2329,790,19,3,206.82,620.46
2330,790,65,1,493.42,493.42
2331,791,83,2,453.59,907.18
2332,791,5,5,90.54,452.7
2333,791,29,5,122.75,613.75
2334,792,66,2,466.87,933.74
2335,792,56,2,381.01,762.02
2336,792,93,3,364.35,1093.05
2337,793,58,2,378.54,757.08
2338,793,64,1,22.7,22.7
2339,794,29,1,122.75,122.75
2340,794,42,2,249.67,499.34
2341,794,94,1,472.99,472.99
2342,795,19,5,206.82,1034.1
2343,795,12,5,394.35,1971.75
2344,796,38,1,82.49,82.49
2345,797,36,5,190.25,951.25
2346,797,90,2,11.29,22.58
2347,797,17,3,499.02,1497.06
2348,797,57,1,432.11,432.11
2349,798,14,4,495.44,1981.76
2350,798,97,4,341.06,1364.24
2351,798,27,2,8.97,17.94
2352,798,9,5,191.86,959.3
2353,799,95,2,155.73,311.46
2354,799,7,5,181.33,906.65
2355,799,76,4,185.72,742.88
2356,799,98,4,41.41,165.64
2357,799,90,5,11.29,56.45
2358,800,79,5,220.8,1104
2359,800,8,2,157.69,315.38
2360,800,46,1,485.84,485.84
2361,800,48,4,126.34,505.36
2362,800,7,5,181.33,906.65
2363,801,94,3,472.99,1418.97
2364,801,57,1,432.11,432.11
2365,801,33,4,459.01,1836.04
2366,801,20,2,214.09,428.18
2367,801,78,1,133.01,133.01
2368,802,73,4,460.36,1841.44
2369,802,10,2,160.25,320.5
2370,802,63,5,41.66,208.3
2371,802,22,1,121.22,121.22
2372,803,12,5,394.35,1971.75
2373,804,95,3,155.73,467.19
2374,804,33,3,459.01,1377.03
2375,804,65,3,493.42,1480.26
2376,804,38,1,82.49,82.49
2377,805,38,5,82.49,412.45
2378,805,5,3,90.54,271.62
2379,806,99,3,99.76,299.28
2380,807,65,3,493.42,1480.26
2381,807,43,4,57.98,231.92
2382,807,21,3,87.73,263.19
2383,807,59,3,239.18,717.54
2384,807,7,4,181.33,725.32
2385,808,65,5,493.42,2467.1
2386,808,73,4,460.36,1841.44
2387,808,82,2,152.01,304.02
2388,808,99,3,99.76,299.28
2389,808,54,2,459.91,919.82
2390,809,11,4,390.02,1560.08
2391,809,34,1,65.17,65.17
2392,809,84,1,196.83,196.83
2393,809,70,4,247.5,990
2394,810,63,1,41.66,41.66
2395,810,29,2,122.75,245.5
2396,810,79,1,220.8,220.8
2397,810,75,2,237.54,475.08
2398,811,37,5,223.91,1119.55
2399,811,77,2,313.4,626.8
2400,811,28,5,26.13,130.65
2401,811,19,4,206.82,827.28
2402,811,29,5,122.75,613.75
2403,812,48,4,126.34,505.36
2404,812,51,3,127.95,383.85
2405,812,59,1,239.18,239.18
2406,812,67,4,279.8,1119.2
2407,812,28,5,26.13,130.65
2408,813,68,1,490.52,490.52
2409,813,75,3,237.54,712.62
2410,813,14,2,495.44,990.88
2411,814,36,4,190.25,761
2412,815,14,1,495.44,495.44
2413,815,29,4,122.75,491
2414,816,84,4,196.83,787.32
2415,816,24,3,228.44,685.32
2416,816,31,4,446.21,1784.84
2417,817,63,2,41.66,83.32
2418,817,81,1,27.4,27.4
2419,818,89,5,173.6,868
2420,818,54,4,459.91,1839.64
2421,818,44,2,294.75,589.5
2422,818,57,4,432.11,1728.44
2423,818,43,2,57.98,115.96
2424,819,79,3,220.8,662.4
2425,819,52,5,414.41,2072.05
2426,819,67,3,279.8,839.4
2427,819,96,5,92.95,464.75
2428,820,32,2,265.19,530.38
2429,820,17,2,499.02,998.04
2430,820,43,4,57.98,231.92
2431,820,30,5,247.46,1237.3
2432,821,64,1,22.7,22.7
2433,821,64,1,22.7,22.7
2434,821,2,2,244.85,489.7
2435,821,65,1,493.42,493.42
2436,821,58,1,378.54,378.54
2437,822,45,5,429.34,2146.7
2438,823,29,1,122.75,122.75
2439,823,75,4,237.54,950.16
2440,824,1,3,286.35,859.05
2441,825,23,3,204.87,614.61
2442,825,27,2,8.97,17.94
2443,825,36,3,190.25,570.75
2444,825,39,5,410.97,2054.85
2445,825,44,2,294.75,589.5
2446,826,74,3,391.88,1175.64
2447,826,73,1,460.36,460.36
2448,827,51,2,127.95,255.9
2449,827,88,2,41.45,82.9
2450,827,94,5,472.99,2364.95
2451,827,46,1,485.84,485.84
2452,828,72,4,101.64,406.56
2453,828,44,2,294.75,589.5
2454,829,40,4,145.08,580.32
2455,830,78,4,133.01,532.04
2456,830,1,3,286.35,859.05
2457,830,21,2,87.73,175.46
2458,831,4,5,441.08,2205.4
2459,831,4,2,441.08,882.16
2460,831,18,3,199.05,597.15
2461,831,16,2,487.95,975.9
2462,831,24,5,228.44,1142.2
2463,832,93,5,364.35,1821.75
2464,833,8,1,157.69,157.69
2465,833,72,4,101.64,406.56
2466,833,65,2,493.42,986.84
2467,834,21,1,87.73,87.73
2468,834,74,5,391.88,1959.4
2469,834,61,1,149.63,149.63
2470,834,24,3,228.44,685.32
2471,835,19,2,206.82,413.64
2472,835,67,5,279.8,1399
2473,835,27,1,8.97,8.97
2474,835,32,5,265.19,1325.95
2475,835,58,4,378.54,1514.16
2476,836,17,5,499.02,2495.1
2477,836,16,4,487.95,1951.8
2478,836,7,2,181.33,362.66
2479,836,99,1,99.76,99.76
2480,837,100,5,495.45,2477.25
2481,838,4,2,441.08,882.16
2482,838,55,5,496.09,2480.45
2483,838,10,4,160.25,641
2484,838,40,5,145.08,725.4
2485,839,30,1,247.46,247.46
2486,839,22,2,121.22,242.44
2487,839,25,3,319.47,958.41
2488,840,53,4,455.07,1820.28
2489,840,27,1,8.97,8.97
2490,840,42,2,249.67,499.34
2491,840,23,3,204.87,614.61
2492,841,8,3,157.69,473.07
2493,841,35,4,181.78,727.12
2494,841,47,4,65.45,261.8
2495,841,93,4,364.35,1457.4
2496,842,48,1,126.34,126.34
2497,842,82,5,152.01,760.05
2498,843,8,2,157.69,315.38
2499,843,19,1,206.82,206.82
2500,844,92,1,145.26,145.26
2501,844,62,3,469.91,1409.73
2502,844,11,2,390.02,780.04
2503,844,82,2,152.01,304.02
2504,845,51,1,127.95,127.95
2505,845,8,5,157.69,788.45
2506,845,17,2,499.02,998.04
2507,845,29,1,122.75,122.75
2508,846,92,1,145.26,145.26
2509,846,16,4,487.95,1951.8
2510,847,47,1,65.45,65.45
2511,847,7,2,181.33,362.66
2512,847,99,2,99.76,199.52
2513,847,7,2,181.33,362.66
2514,848,26,3,361.25,1083.75
2515,848,39,3,410.97,1232.91
2516,848,21,4,87.73,350.92
2517,849,16,1,487.95,487.95
2518,849,30,4,247.46,989.84
2519,849,26,5,361.25,1806.25
2520,849,11,4,390.02,1560.08
2521,850,60,1,481.64,481.64
2522,850,29,4,122.75,491
2523,851,56,3,381.01,1143.03
2524,851,47,1,65.45,65.45
2525,852,48,5,126.34,631.7
2526,853,24,4,228.44,913.76
2527,853,95,2,155.73,311.46
2528,853,78,3,133.01,399.03
2529,854,40,2,145.08,290.16
2530,855,8,3,157.69,473.07
2531,855,75,3,237.54,712.62
2532,856,59,4,239.18,956.72
2533,857,71,4,196.37,785.48
2534,857,32,2,265.19,530.38
2535,857,60,3,481.64,1444.92
2536,857,94,1,472.99,472.99
2537,857,78,1,133.01,133.01
2538,858,30,3,247.46,742.38
2539,858,6,2,30.35,60.7
2540,858,16,2,487.95,975.9
2541,859,27,2,8.97,17.94
2542,859,38,3,82.49,247.47
2543,859,9,4,191.86,767.44
2544,859,62,1,469.91,469.91
2545,860,4,3,441.08,1323.24
2546,860,74,3,391.88,1175.64
2547,860,48,4,126.34,505.36
2548,860,27,2,8.97,17.94
2549,860,22,4,121.22,484.88
2550,861,6,3,30.35,91.05
2551,862,59,2,239.18,478.36
2552,862,39,5,410.97,2054.85
2553,863,88,3,41.45,124.35
2554,864,10,3,160.25,480.75
2555,864,35,4,181.78,727.12
2556,864,9,4,191.86,767.44
2557,864,71,4,196.37,785.48
2558,865,2,3,244.85,734.55
2559,865,32,3,265.19,795.57
2560,865,80,5,255.23,1276.15
2561,866,88,1,41.45,41.45
2562,867,8,2,157.69,315.38
2563,867,19,3,206.82,620.46
2564,868,62,5,469.91,2349.55
2565,868,70,5,247.5,1237.5
2566,868,31,1,446.21,446.21
2567,868,62,3,469.91,1409.73
2568,869,63,1,41.66,41.66
2569,869,24,1,228.44,228.44
2570,869,33,1,459.01,459.01
2571,869,55,5,496.09,2480.45
2572,869,17,5,499.02,2495.1
2573,870,23,4,204.87,819.48
2574,870,46,1,485.84,485.84
2575,870,70,2,247.5,495
2576,871,4,3,441.08,1323.24
2577,871,13,3,98.71,296.13
2578,871,62,4,469.91,1879.64
2579,872,92,5,145.26,726.3
2580,872,80,3,255.23,765.69
2581,872,97,3,341.06,1023.18
2582,872,68,3,490.52,1471.56
2583,873,84,5,196.83,984.15
2584,873,12,2,394.35,788.7
2585,873,1,3,286.35,859.05
2586,873,30,1,247.46,247.46
2587,874,30,1,247.46,247.46
2588,874,26,4,361.25,1445
2589,874,5,2,90.54,181.08
2590,874,38,1,82.49,82.49
2591,874,91,3,214.26,642.78
2592,875,88,5,41.45,207.25
2593,875,76,5,185.72,928.6
2594,875,48,1,126.34,126.34
2595,875,28,1,26.13,26.13
2596,876,59,2,239.18,478.36
2597,876,49,2,197.37,394.74
2598,876,60,3,481.64,1444.92
2599,876,58,1,378.54,378.54
2600,877,16,4,487.95,1951.8
2601,877,29,5,122.75,613.75
2602,878,30,4,247.46,989.84
2603,878,95,1,155.73,155.73
2604,878,89,3,173.6,520.8
2605,878,94,5,472.99,2364.95
2606,878,63,5,41.66,208.3
2607,879,79,5,220.8,1104
2608,879,1,5,286.35,1431.75
2609,879,58,3,378.54,1135.62
2610,879,55,1,496.09,496.09
2611,880,30,1,247.46,247.46
2612,881,48,3,126.34,379.02
2613,881,31,4,446.21,1784.84
2614,881,58,2,378.54,757.08
2615,881,48,3,126.34,379.02
2616,881,43,4,57.98,231.92
2617,882,10,1,160.25,160.25
2618,882,11,2,390.02,780.04
2619,883,70,4,247.5,990
2620,883,27,1,8.97,8.97
2621,883,78,5,133.01,665.05
2622,884,35,3,181.78,545.34
2623,884,71,1,196.37,196.37
2624,884,85,2,249.59,499.18
2625,885,61,1,149.63,149.63
2626,885,22,3,121.22,363.66
2627,885,15,3,42.15,126.45
2628,885,91,2,214.26,428.52
2629,885,96,5,92.95,464.75
2630,886,99,2,99.76,199.52
2631,887,51,2,127.95,255.9
2632,887,13,4,98.71,394.84
2633,887,73,3,460.36,1381.08
2634,887,88,2,41.45,82.9
2635,888,89,5,173.6,868
2636,889,5,1,90.54,90.54
2637,889,20,1,214.09,214.09
2638,889,3,5,326.31,1631.55
2639,889,56,3,381.01,1143.03
2640,890,66,3,466.87,1400.61
2641,890,98,5,41.41,207.05
2642,890,81,1,27.4,27.4
2643,891,95,2,155.73,311.46
2644,892,2,5,244.85,1224.25
2645,892,64,5,22.7,113.5
2646,893,13,4,98.71,394.84
2647,893,33,3,459.01,1377.03
2648,893,8,2,157.69,315.38
2649,893,32,3,265.19,795.57
2650,894,76,4,185.72,742.88
2651,894,96,4,92.95,371.8
2652,894,94,5,472.99,2364.95
2653,895,27,5,8.97,44.85
2654,895,77,3,313.4,940.2
2655,895,80,2,255.23,510.46
2656,896,94,1,472.99,472.99
2657,896,82,3,152.01,456.03
2658,896,79,5,220.8,1104
2659,896,57,3,432.11,1296.33
2660,896,22,1,121.22,121.22
2661,897,51,2,127.95,255.9
2662,897,20,3,214.09,642.27
2663,898,15,3,42.15,126.45
2664,898,51,1,127.95,127.95
2665,898,28,1,26.13,26.13
2666,899,77,2,313.4,626.8
2667,899,26,1,361.25,361.25
2668,899,1,1,286.35,286.35
2669,899,49,3,197.37,592.11
2670,899,86,3,366.69,1100.07
2671,900,37,1,223.91,223.91
2672,900,36,4,190.25,761
2673,901,1,5,286.35,1431.75
2674,902,17,1,499.02,499.02
2675,902,14,1,495.44,495.44
2676,903,70,3,247.5,742.5
2677,903,43,4,57.98,231.92
2678,903,40,4,145.08,580.32
2679,904,69,2,260.37,520.74
2680,904,51,1,127.95,127.95
2681,904,97,2,341.06,682.12
2682,905,65,2,493.42,986.84
2683,905,35,4,181.78,727.12
2684,905,62,3,469.91,1409.73
2685,905,66,3,466.87,1400.61
2686,906,57,4,432.11,1728.44
2687,907,57,5,432.11,2160.55
2688,907,58,2,378.54,757.08
2689,907,26,1,361.25,361.25
2690,907,74,4,391.88,1567.52
2691,907,70,4,247.5,990
2692,908,88,5,41.45,207.25
2693,908,43,4,57.98,231.92
2694,908,41,3,251.29,753.87
2695,908,46,4,485.84,1943.36
2696,909,66,5,466.87,2334.35
2697,909,56,2,381.01,762.02
2698,910,81,1,27.4,27.4
2699,910,100,4,495.45,1981.8
2700,910,15,5,42.15,210.75
2701,910,5,3,90.54,271.62
2702,911,1,1,286.35,286.35
2703,911,89,1,173.6,173.6
2704,911,10,1,160.25,160.25
2705,911,63,2,41.66,83.32
2706,911,93,5,364.35,1821.75
2707,912,12,4,394.35,1577.4
2708,913,53,4,455.07,1820.28
2709,914,64,3,22.7,68.1
2710,914,2,4,244.85,979.4
2711,914,89,4,173.6,694.4
2712,915,37,5,223.91,1119.55
2713,915,76,5,185.72,928.6
2714,916,75,1,237.54,237.54
2715,916,24,1,228.44,228.44
2716,916,66,4,466.87,1867.48
2717,916,29,5,122.75,613.75
2718,917,47,2,65.45,130.9
2719,918,53,3,455.07,1365.21
2720,918,48,5,126.34,631.7
2721,918,95,2,155.73,311.46
2722,918,96,2,92.95,185.9
2723,919,42,4,249.67,998.68
2724,919,46,3,485.84,1457.52
2725,919,31,4,446.21,1784.84
2726,920,56,3,381.01,1143.03
2727,921,69,2,260.37,520.74
2728,921,19,2,206.82,413.64
2729,922,9,1,191.86,191.86
2730,923,88,4,41.45,165.8
2731,923,12,4,394.35,1577.4
2732,924,4,2,441.08,882.16
2733,925,74,4,391.88,1567.52
2734,925,60,4,481.64,1926.56
2735,925,77,4,313.4,1253.6
2736,925,48,3,126.34,379.02
2737,926,26,5,361.25,1806.25
2738,927,16,3,487.95,1463.85
2739,927,90,2,11.29,22.58
2740,927,67,3,279.8,839.4
2741,928,85,5,249.59,1247.95
2742,928,44,1,294.75,294.75
2743,928,93,1,364.35,364.35
2744,928,67,2,279.8,559.6
2745,929,36,1,190.25,190.25
2746,929,78,1,133.01,133.01
2747,929,85,3,249.59,748.77
2748,929,39,4,410.97,1643.88
2749,929,76,3,185.72,557.16
2750,930,27,5,8.97,44.85
2751,930,37,4,223.91,895.64
2752,930,81,3,27.4,82.2
2753,930,88,4,41.45,165.8
2754,931,72,2,101.64,203.28
2755,931,90,2,11.29,22.58
2756,931,29,4,122.75,491
2757,932,88,1,41.45,41.45
2758,932,38,5,82.49,412.45
2759,932,79,3,220.8,662.4
2760,932,99,3,99.76,299.28
2761,932,50,5,256.6,1283
2762,933,75,3,237.54,712.62
2763,934,90,2,11.29,22.58
2764,935,1,1,286.35,286.35
2765,935,96,1,92.95,92.95
2766,935,25,3,319.47,958.41
2767,936,61,3,149.63,448.89
2768,936,76,1,185.72,185.72
2769,936,6,1,30.35,30.35
2770,937,72,1,101.64,101.64
2771,938,36,5,190.25,951.25
2772,939,15,3,42.15,126.45
2773,940,74,5,391.88,1959.4
2774,940,22,5,121.22,606.1
2775,940,92,2,145.26,290.52
2776,940,29,2,122.75,245.5
2777,941,18,4,199.05,796.2
2778,942,48,4,126.34,505.36
2779,942,36,3,190.25,570.75
2780,942,23,1,204.87,204.87
2781,942,55,1,496.09,496.09
2782,943,42,5,249.67,1248.35
2783,943,63,1,41.66,41.66
2784,944,20,5,214.09,1070.45
2785,944,92,4,145.26,581.04
2786,945,13,5,98.71,493.55
2787,945,90,2,11.29,22.58
2788,945,40,1,145.08,145.08
2789,946,56,2,381.01,762.02
2790,946,60,2,481.64,963.28
2791,946,79,5,220.8,1104
2792,946,80,2,255.23,510.46
2793,946,21,5,87.73,438.65
2794,947,45,3,429.34,1288.02
2795,947,32,5,265.19,1325.95
2796,947,49,1,197.37,197.37
2797,948,47,1,65.45,65.45
2798,948,75,3,237.54,712.62
2799,948,82,3,152.01,456.03
2800,949,89,2,173.6,347.2
2801,949,25,4,319.47,1277.88
2802,950,53,1,455.07,455.07
2803,950,56,1,381.01,381.01
2804,950,26,2,361.25,722.5
2805,950,61,5,149.63,748.15
2806,950,80,2,255.23,510.46
2807,951,30,3,247.46,742.38
2808,951,50,1,256.6,256.6
2809,952,32,1,265.19,265.19
2810,952,57,1,432.11,432.11
2811,953,32,5,265.19,1325.95
2812,953,59,2,239.18,478.36
2813,953,71,3,196.37,589.11
2814,953,92,3,145.26,435.78
2815,954,87,5,324.88,1624.4
2816,954,73,2,460.36,920.72
2817,954,43,1,57.98,57.98
2818,955,35,2,181.78,363.56
2819,955,26,1,361.25,361.25
2820,956,100,4,495.45,1981.8
2821,956,35,4,181.78,727.12
2822,957,1,5,286.35,1431.75
2823,957,61,5,149.63,748.15
2824,958,53,2,455.07,910.14
2825,958,27,4,8.97,35.88
2826,958,25,2,319.47,638.94
2827,958,5,3,90.54,271.62
2828,959,77,2,313.4,626.8
2829,959,58,5,378.54,1892.7
2830,959,8,4,157.69,630.76
2831,959,66,1,466.87,466.87
2832,960,75,3,237.54,712.62
2833,960,10,4,160.25,641
2834,961,19,4,206.82,827.28
2835,961,59,1,239.18,239.18
2836,961,97,3,341.06,1023.18
2837,962,76,1,185.72,185.72
2838,962,62,5,469.91,2349.55
2839,962,30,1,247.46,247.46
2840,963,86,4,366.69,1466.76
2841,963,42,2,249.67,499.34
2842,964,53,5,455.07,2275.35
2843,964,46,1,485.84,485.84
2844,965,97,2,341.06,682.12
2845,965,96,4,92.95,371.8
2846,965,89,1,173.6,173.6
2847,965,51,5,127.95,639.75
2848,966,72,4,101.64,406.56
2849,966,61,5,149.63,748.15
2850,966,28,1,26.13,26.13
2851,966,57,5,432.11,2160.55
2852,967,17,2,499.02,998.04
2853,967,19,3,206.82,620.46
2854,968,48,3,126.34,379.02
2855,968,51,1,127.95,127.95
2856,968,38,2,82.49,164.98
2857,969,23,3,204.87,614.61
2858,969,38,4,82.49,329.96
2859,969,25,5,319.47,1597.35
2860,969,20,3,214.09,642.27
2861,970,94,5,472.99,2364.95
2862,970,99,2,99.76,199.52
2863,970,29,1,122.75,122.75
2864,970,27,1,8.97,8.97
2865,971,74,3,391.88,1175.64
2866,972,3,3,326.31,978.93
2867,972,16,1,487.95,487.95
2868,972,50,3,256.6,769.8
2869,972,68,4,490.52,1962.08
2870,973,19,2,206.82,413.64
2871,973,46,4,485.84,1943.36
2872,974,87,5,324.88,1624.4
2873,974,79,4,220.8,883.2
2874,974,22,5,121.22,606.1
2875,975,75,5,237.54,1187.7
2876,975,73,2,460.36,920.72
2877,975,77,1,313.4,313.4
2878,975,63,5,41.66,208.3
2879,975,25,1,319.47,319.47
2880,976,42,4,249.67,998.68
2881,976,43,1,57.98,57.98
2882,976,33,2,459.01,918.02
2883,976,11,1,390.02,390.02
2884,977,32,3,265.19,795.57
2885,977,9,2,191.86,383.72
2886,977,65,4,493.42,1973.68
2887,978,37,3,223.91,671.73
2888,978,72,1,101.64,101.64
2889,978,12,4,394.35,1577.4
2890,979,69,2,260.37,520.74
2891,979,40,3,145.08,435.24
2892,979,2,5,244.85,1224.25
2893,979,78,4,133.01,532.04
2894,979,52,1,414.41,414.41
2895,980,15,3,42.15,126.45
2896,980,45,3,429.34,1288.02
2897,981,99,4,99.76,399.04
2898,981,26,5,361.25,1806.25
2899,981,85,1,249.59,249.59
2900,981,25,3,319.47,958.41
2901,981,77,3,313.4,940.2
2902,982,50,5,256.6,1283
2903,982,11,5,390.02,1950.1
2904,982,8,3,157.69,473.07
2905,982,99,5,99.76,498.8
2906,983,34,3,65.17,195.51
2907,983,19,1,206.82,206.82
2908,984,55,4,496.09,1984.36
2909,984,73,4,460.36,1841.44
2910,984,80,3,255.23,765.69
2911,985,76,5,185.72,928.6
2912,985,95,4,155.73,622.92
2913,986,51,5,127.95,639.75
2914,986,73,3,460.36,1381.08
2915,986,77,2,313.4,626.8
2916,987,66,2,466.87,933.74
2917,987,88,3,41.45,124.35
2918,988,91,1,214.26,214.26
2919,988,24,2,228.44,456.88
2920,989,88,3,41.45,124.35
2921,989,65,3,493.42,1480.26
2922,989,60,5,481.64,2408.2
2923,989,57,3,432.11,1296.33
2924,990,12,1,394.35,394.35
2925,991,27,1,8.97,8.97
2926,991,24,4,228.44,913.76
2927,992,96,1,92.95,92.95
2928,992,32,3,265.19,795.57
2929,993,82,1,152.01,152.01
2930,993,47,1,65.45,65.45
2931,993,82,4,152.01,608.04
2932,994,91,5,214.26,1071.3
2933,994,33,2,459.01,918.02
2934,995,86,2,366.69,733.38
2935,995,57,2,432.11,864.22
2936,995,14,3,495.44,1486.32
2937,996,79,3,220.8,662.4
2938,996,8,4,157.69,630.76
2939,996,16,2,487.95,975.9
2940,996,15,2,42.15,84.3
2941,996,22,4,121.22,484.88
2942,997,75,1,237.54,237.54
2943,997,45,4,429.34,1717.36
2944,998,57,3,432.11,1296.33
2945,999,76,3,185.72,557.16
2946,999,38,5,82.49,412.45
2947,999,21,5,87.73,438.65
2948,999,50,1,256.6,256.6
2949,1000,25,1,319.47,319.47
2950,1000,65,1,493.42,493.42